time,hour,day,weekday,Consumption,Production,Nuclear,Wind,Hydroelectric,Oil and Gas,Coal,Solar,Biomass
0,0,0,#Tuesday,6352,6527,1395,79,1383,1896,1744,0,30
27,3,1,#Wednesday,5327,6062,1390,1823,534,1034,1246,0,35
54,6,2,#Thursday,6144,6142,1397,769,916,1754,1271,0,35
81,9,3,#Friday,8258,8858,1309,2436,1463,1899,1632,73,45
108,12,4,#Saturday,7778,7083,1395,287,1268,1904,1738,447,42
135,15,5,#Sunday,7095,7442,1396,1646,980,1726,1603,34,53
162,18,6,#Monday,8992,8241,1383,2399,1317,1724,1361,0,56
189,21,7,#Tuesday,8677,8152,1393,870,1820,2038,1970,0,60
216,0,9,#Thursday,7229,8117,1389,1482,1023,1932,2231,0,58
243,3,10,#Friday,6891,6937,1391,358,1250,1571,2307,0,60
270,6,11,#Saturday,7007,7134,1390,700,983,1918,2085,0,57
298,10,12,#Sunday,7481,7056,1390,163,1080,2015,2202,148,57
325,13,13,#Monday,8798,8130,1353,1455,1249,1886,1847,279,60
352,16,14,#Tuesday,8683,7795,1391,1197,1137,2067,1893,44,65
379,19,15,#Wednesday,9097,7995,1383,1087,1644,2004,1822,0,55
406,22,16,#Thursday,7653,6924,1391,1294,983,1669,1527,0,60
433,1,18,#Saturday,6689,6724,1386,1290,845,1549,1594,0,58
460,4,19,#Sunday,6274,6229,1387,1218,792,1316,1460,0,56
487,7,20,#Monday,8195,7554,1385,1598,1469,1491,1554,0,57
514,10,21,#Tuesday,9156,7336,1327,182,1913,1906,1857,88,62
541,13,22,#Wednesday,8750,7773,1379,595,1816,1856,1912,156,57
569,17,23,#Thursday,8768,8465,1394,2109,1587,1658,1659,0,58
596,20,24,#Friday,8720,7861,1381,1644,1351,1776,1650,0,57
623,23,25,#Saturday,6911,6449,1389,418,1303,1392,1893,0,53
650,2,27,#Monday,6238,6392,1392,1399,859,1232,1457,0,53
677,5,28,#Tuesday,6956,7417,1396,768,1326,1879,1993,0,54
704,8,29,#Wednesday,8790,8098,1395,1221,1751,1731,1930,11,57
731,11,30,#Thursday,8978,7959,1352,697,2006,1817,1880,145,59
758,14,31,#Friday,8209,7584,1308,395,1919,1786,1690,424,59
785,17,32,#Saturday,7640,6863,1398,773,1631,1557,1450,0,54
812,20,33,#Sunday,7427,7261,1397,518,2169,1500,1621,0,55
840,0,35,#Tuesday,6583,7141,1384,1527,1292,1496,1393,0,49
867,3,36,#Wednesday,6342,6966,1396,892,1612,1692,1322,0,51
894,6,37,#Thursday,7295,7994,1393,1730,2204,1313,1310,0,42
921,9,38,#Friday,8882,8285,1350,223,2779,1911,1831,130,58
948,12,39,#Saturday,7898,8062,1388,-22,2440,1908,1875,417,55
975,15,40,#Sunday,6599,6327,1390,5,1772,1268,1483,350,56
1002,18,41,#Monday,8773,8198,1338,881,2225,1909,1779,0,66
1029,21,42,#Tuesday,8343,8199,1388,2097,1648,1509,1490,0,65
1056,0,44,#Thursday,6856,6992,1388,455,1626,1818,1643,0,61
1083,3,45,#Friday,6601,7462,1380,1330,1273,1688,1724,0,65
1111,7,46,#Saturday,7134,7079,1384,782,1591,1630,1622,5,64
1138,10,47,#Sunday,6762,6856,1381,440,1541,1220,1603,612,58
1165,13,48,#Monday,8013,7561,1360,340,1711,1516,1813,753,66
1192,16,49,#Tuesday,7663,7884,1387,1417,1650,1450,1686,230,62
1219,19,50,#Wednesday,8624,7533,1376,602,1840,1743,1906,0,66
1246,22,51,#Thursday,7401,7346,1385,234,1886,1883,1894,0,63
1273,1,53,#Saturday,6780,8072,1387,2755,1049,1255,1574,0,52
1300,4,54,#Sunday,6314,7013,1392,734,1473,1756,1604,0,54
1327,7,55,#Monday,8178,7270,1391,384,1640,1926,1837,32,60
1354,10,56,#Tuesday,8689,8432,1348,1396,1277,1808,2099,447,57
1382,14,57,#Wednesday,8260,9110,1375,2297,1391,1467,2140,373,66
1409,17,58,#Thursday,7897,8528,1367,2691,971,1410,1904,120,64
1436,20,59,#Friday,8374,7946,1388,527,1774,1825,2366,0,66
1463,23,60,#Saturday,7538,7277,1391,288,1762,1506,2271,0,59
1490,2,62,#Monday,5863,6199,1391,766,946,1248,1795,0,54
1517,5,63,#Tuesday,6471,7093,1393,1591,1145,1308,1597,0,57
1544,8,64,#Wednesday,8066,8125,1403,534,2005,1820,2078,223,60
1571,11,65,#Thursday,7923,7895,1341,1350,1417,1385,1774,565,60
1598,14,66,#Friday,7329,7208,1352,597,1714,1075,1989,424,57
1625,17,67,#Saturday,6792,6036,1408,1300,561,1086,1556,72,52
1652,20,68,#Sunday,7138,6867,1393,1612,1884,888,1038,1,50
1680,0,70,#Tuesday,6315,7045,1382,1886,1685,878,1159,0,55
1707,3,71,#Wednesday,6120,6364,1388,1298,1268,1091,1265,0,54
1734,6,72,#Thursday,6787,6796,1389,888,1828,1147,1489,0,55
1761,9,73,#Friday,8006,7387,1373,26,2418,1238,1798,474,59
1788,12,74,#Saturday,7387,8474,1392,2585,1686,808,1551,407,43
1815,15,75,#Sunday,5798,5477,1392,328,981,684,1452,587,51
1842,18,76,#Monday,7584,7950,1386,2242,1832,966,1473,4,47
1869,21,77,#Tuesday,7660,7510,1393,684,2721,1002,1661,0,48
1896,0,79,#Thursday,6309,6951,1390,948,1935,1100,1532,0,46
1923,3,80,#Friday,5978,6566,1392,266,1652,1646,1559,0,51
1951,7,81,#Saturday,6555,6959,1379,815,2266,805,1535,108,51
1978,10,82,#Sunday,5895,6172,1373,8,1915,591,1489,747,47
2005,13,83,#Monday,7155,6874,1374,924,1670,758,1420,681,47
2032,16,84,#Tuesday,7613,7487,1386,1155,2318,945,1477,155,51
2059,19,85,#Wednesday,8317,8001,1385,1364,2759,759,1681,0,53
2086,22,86,#Thursday,7126,7014,1377,117,2792,972,1706,0,50
2113,1,88,#Saturday,6142,5653,1371,237,1660,754,1584,0,47
2140,5,89,#Sunday,5592,5233,1369,41,1628,651,1495,0,48
2167,8,90,#Monday,7495,6975,1393,421,2684,598,1644,183,50
2194,11,91,#Tuesday,7580,7804,1361,2570,1223,580,1477,541,51
2222,15,92,#Wednesday,7059,6599,1373,464,1779,583,1649,702,49
2249,18,93,#Thursday,7284,6830,1373,1098,1902,586,1676,145,48
2276,21,94,#Friday,7860,7428,1383,1913,1836,572,1673,0,51
2303,0,96,#Sunday,6035,6016,1389,358,1840,577,1808,0,45
2330,3,97,#Monday,5337,5255,1393,345,1383,560,1527,0,47
2357,6,98,#Tuesday,6713,6523,1394,1392,1415,566,1705,0,51
2384,9,99,#Wednesday,7667,6730,1377,106,2552,543,1866,246,36
2411,12,100,#Thursday,7860,7263,1341,288,2856,600,1892,241,44
2438,15,101,#Friday,7301,6875,1347,439,2524,564,1575,369,55
2465,18,102,#Saturday,7062,6639,1388,890,1957,590,1712,49,51
2493,22,103,#Sunday,6550,7206,1389,1965,1722,582,1502,0,46
2520,1,105,#Tuesday,6055,6762,1391,934,1920,576,1903,0,36
2547,4,106,#Wednesday,6147,6092,1389,214,2025,575,1837,0,50
2574,7,107,#Thursday,7270,7424,1390,704,2666,586,1992,28,56
2601,10,108,#Friday,7651,7313,1370,255,2464,632,1946,586,59
2628,13,109,#Saturday,6768,7585,1393,1876,1527,612,1492,636,47
2655,16,110,#Sunday,5696,5767,1390,586,1241,626,1462,415,46
2682,19,111,#Monday,7398,6350,1372,393,2062,626,1799,50,47
2709,22,112,#Tuesday,7380,7594,1381,1127,2258,623,2155,0,50
2736,1,114,#Thursday,6120,6361,1388,939,1575,607,1806,0,45
2764,5,115,#Friday,5671,6237,1386,423,1785,591,2006,0,44
2791,8,116,#Saturday,5799,6298,1387,1237,1360,569,1505,199,39
2818,11,117,#Sunday,4928,6084,1387,1431,941,557,1088,641,39
2845,14,118,#Monday,4868,6020,1385,325,2084,554,1001,631,37
2872,17,119,#Tuesday,5907,6368,1355,1140,1717,806,1124,184,41
2899,20,120,#Wednesday,6563,7791,1384,2057,2518,524,1269,1,36
2926,23,121,#Thursday,6345,6335,1382,406,2508,473,1525,0,42
2953,2,123,#Saturday,5499,5367,680,167,2371,473,1635,0,39
2980,5,124,#Sunday,5051,6105,683,1266,2203,471,1444,0,38
3007,8,125,#Monday,7025,7136,684,1114,2964,479,1728,125,40
3034,11,126,#Tuesday,7560,7637,675,453,3548,541,2033,336,48
3062,15,127,#Wednesday,7164,8180,666,1775,3101,443,1787,352,55
3089,18,128,#Thursday,7056,7384,665,1127,3047,463,1926,97,58
3116,21,129,#Friday,7673,7123,677,76,3786,510,2030,0,43
3143,0,131,#Sunday,5672,5594,682,11,2718,434,1719,0,29
3170,3,132,#Monday,5005,4916,681,168,2277,420,1338,0,30
3197,6,133,#Tuesday,6141,5370,681,481,2284,437,1458,2,25
3224,9,134,#Wednesday,7544,7992,659,1015,3723,450,1906,209,29
3251,12,135,#Thursday,7431,7084,657,167,3533,521,1863,309,33
3278,15,136,#Friday,6931,6810,675,341,3128,502,1825,302,37
3305,18,137,#Saturday,6282,6450,681,455,3397,484,1191,211,32
3333,22,138,#Sunday,6195,6667,679,187,3912,429,1434,0,25
3360,1,140,#Tuesday,5623,6181,672,736,2748,425,1571,0,28
3387,4,141,#Wednesday,5315,5676,680,882,2461,429,1194,0,30
3414,7,142,#Thursday,6650,7098,675,614,4012,522,1163,83,29
3441,10,143,#Friday,7152,7000,662,126,4032,482,1172,493,32
3468,13,144,#Saturday,6398,7331,680,657,3865,474,988,641,25
3495,16,145,#Sunday,5389,6173,683,75,3462,456,946,526,25
3522,19,146,#Monday,6815,7883,663,820,4145,486,1686,52,29
3549,22,147,#Tuesday,6844,7960,680,1578,3951,423,1297,0,30
3576,1,149,#Thursday,5591,5716,674,46,3132,428,1407,0,28
3604,5,150,#Friday,5478,5764,676,468,2872,435,1281,0,29
3631,8,151,#Saturday,5947,6165,673,273,3416,410,1226,138,27
3658,11,152,#Sunday,5561,6367,662,252,3387,441,990,610,23
3685,14,153,#Monday,7061,7112,654,442,3750,453,1339,447,25
3712,17,154,#Tuesday,6956,7129,669,1080,3472,441,1197,245,26
3739,20,155,#Wednesday,7168,6952,665,313,4120,452,1353,24,25
3766,23,156,#Thursday,6062,6338,661,269,3587,417,1378,0,26
3793,2,158,#Saturday,7039,7034,659,151,3968,434,1147,647,29
3820,5,159,#Sunday,4879,5970,1375,400,2716,388,1072,0,19
3847,8,160,#Monday,6987,7603,1375,631,3698,390,1214,266,28
3875,12,161,#Tuesday,7491,8595,1369,913,3893,470,1427,493,30
3902,15,162,#Wednesday,7569,8382,1342,610,3903,438,1415,645,25
3929,18,163,#Thursday,7386,8053,1343,645,3785,419,1589,241,29
3956,21,164,#Friday,7557,7853,1372,359,3929,424,1745,0,23
3983,0,166,#Sunday,5801,6909,1376,412,3386,355,1347,0,31
4010,3,167,#Monday,4985,6170,1374,668,2402,359,1336,0,30
4037,6,168,#Tuesday,5783,6463,1368,821,2529,370,1328,18,26
4064,9,169,#Wednesday,7546,7574,1314,165,3553,398,1690,414,40
4091,12,170,#Thursday,7941,8198,1331,451,3358,720,1630,673,35
4118,15,171,#Friday,7518,7436,1326,267,3306,426,1497,570,42
4146,19,172,#Saturday,6820,7314,1365,136,3549,401,1756,64,40
4173,22,173,#Sunday,6456,6828,1359,92,3556,292,1490,0,38
4200,1,175,#Tuesday,5724,6436,1359,1331,2279,367,1068,0,32
4227,4,176,#Wednesday,5696,6863,1355,1548,2243,365,1302,0,49
4254,7,177,#Thursday,6739,7116,1351,143,3365,568,1563,80,48
4281,10,178,#Friday,7421,7978,1293,1723,2745,375,1317,473,49
4308,13,179,#Saturday,6285,7553,1351,1398,2367,372,1279,739,45
4335,16,180,#Sunday,5877,7036,1353,668,2668,392,1352,573,36
4362,19,181,#Monday,7553,8239,1342,513,3316,1205,1730,88,45
4389,22,182,#Tuesday,7804,8100,1344,492,3360,1132,1724,0,47
4416,1,184,#Thursday,5885,6077,1351,868,1645,639,1533,0,41
4444,5,185,#Friday,5729,5758,1346,191,1770,757,1649,0,44
4471,8,186,#Saturday,6327,6231,1350,114,2166,801,1483,275,43
4498,11,187,#Sunday,6046,6665,1346,544,2122,581,1463,564,42
4525,14,188,#Monday,7498,7828,1232,1000,2137,1125,1686,601,45
4552,17,189,#Tuesday,7175,7056,1324,129,2379,1138,1738,301,46
4579,20,190,#Wednesday,7042,6680,1345,357,2269,954,1698,11,45
4606,23,191,#Thursday,6365,5964,1340,348,1878,835,1520,0,42
4633,2,193,#Saturday,5503,5498,1313,36,1662,736,1708,0,41
4660,5,194,#Sunday,4955,5285,1315,208,1705,581,1437,0,37
4687,8,195,#Monday,6890,6079,1359,258,1818,767,1691,138,45
4715,12,196,#Tuesday,7184,6369,1333,80,1790,787,1664,658,47
4742,15,197,#Wednesday,7156,6291,1352,73,1735,745,1651,685,48
4769,18,198,#Thursday,7163,6535,1346,201,1823,1190,1699,229,46
4796,21,199,#Friday,7344,6702,1355,759,1848,1198,1488,0,54
4823,0,201,#Sunday,5619,5401,1357,302,1524,615,1545,0,49
4850,3,202,#Monday,5133,4962,1350,88,1631,364,1488,0,40
4877,6,203,#Tuesday,5803,5677,1348,774,1189,806,1512,2,46
4904,9,204,#Wednesday,7335,6824,1300,311,2027,1183,1586,375,42
4931,12,205,#Thursday,7555,7109,1256,494,1792,1188,1701,628,51
4958,15,206,#Friday,7562,7137,1335,277,1935,1199,1745,594,50
4986,19,207,#Saturday,6807,6365,1341,811,1648,787,1685,50,43
5013,22,208,#Sunday,6393,5626,1343,521,1648,400,1683,0,32
5040,1,210,#Tuesday,5722,5427,1342,43,1495,766,1735,0,45
5067,4,211,#Wednesday,5742,5863,1344,487,1416,778,1790,0,47
5094,7,212,#Thursday,6716,5882,1341,430,1525,774,1744,29,39
5121,10,213,#Friday,7456,6228,1317,66,1404,1162,1702,529,48
5148,13,214,#Saturday,6818,5634,1340,733,1067,426,1580,425,47
5175,16,215,#Sunday,5709,5709,1346,1423,766,416,1326,383,49
5202,19,216,#Monday,6904,5908,1336,236,1725,903,1603,54,49
5229,22,217,#Tuesday,6969,6363,1341,469,1968,819,1711,0,54
5257,2,219,#Thursday,5660,5814,1348,1653,891,568,1302,0,52
5284,5,220,#Friday,5763,5238,1347,479,1018,617,1725,0,51
5311,8,221,#Saturday,6386,5684,1344,319,1338,712,1706,211,54
5338,11,222,#Sunday,6251,5734,1342,89,1431,394,1769,660,49
5365,14,223,#Monday,8024,7171,1309,360,1753,1233,1742,718,55
5392,17,224,#Tuesday,7845,7174,1301,654,1769,1186,1767,440,56
5419,20,225,#Wednesday,7427,6374,1326,395,1658,1188,1756,0,50
5446,23,226,#Thursday,5747,5604,1344,1176,1399,382,1262,0,40
5473,2,228,#Saturday,5223,5006,1347,640,1088,597,1294,0,40
5500,5,229,#Sunday,4898,4481,1349,545,968,393,1188,0,37
5528,9,230,#Monday,6945,5662,1332,6,1671,672,1564,376,39
5555,12,231,#Tuesday,7462,6240,1291,90,1428,1174,1512,703,39
5582,15,232,#Wednesday,7731,6659,1332,368,1606,1104,1565,646,36
5609,18,233,#Thursday,7560,6899,1319,1613,1328,899,1501,189,47
5636,21,234,#Friday,7850,6451,1344,580,1625,1268,1583,0,51
5663,0,236,#Sunday,5827,5464,1348,687,939,981,1467,0,41
5690,3,237,#Monday,5351,5284,1346,1438,768,541,1144,0,47
5717,6,238,#Tuesday,6081,5316,1343,413,1100,792,1625,0,52
5744,9,239,#Wednesday,7588,6916,1316,239,1947,1249,1715,397,52
5771,12,240,#Thursday,7712,6685,1289,89,1614,1227,1707,706,53
5798,15,241,#Friday,7834,6817,1328,512,1469,1269,1581,605,53
5826,19,242,#Saturday,6919,5972,1346,431,1289,1281,1545,33,45
5853,22,243,#Sunday,6272,5295,1346,225,1099,1087,1494,0,44
5880,1,245,#Tuesday,5741,5147,1349,201,972,916,1666,0,43
5907,4,246,#Wednesday,5655,6011,1349,1249,877,839,1655,0,41
5934,7,247,#Thursday,6649,5908,1352,253,1377,981,1876,26,40
5961,10,248,#Friday,7190,6130,1354,213,1217,953,1806,546,40
5988,13,249,#Saturday,6645,5949,1353,490,989,831,1589,654,44
6015,16,250,#Sunday,5870,6043,1353,1308,815,834,1294,398,39
6042,19,251,#Monday,7024,6149,1341,948,1221,1013,1567,15,43
6069,22,252,#Tuesday,6740,6049,1355,614,1231,1232,1571,0,47
6097,2,254,#Thursday,5510,5474,1355,986,819,821,1456,0,38
6124,5,255,#Friday,5704,5600,1359,938,885,681,1690,0,46
6151,8,256,#Saturday,5999,5247,1360,753,1047,720,1170,150,46
6178,11,257,#Sunday,5701,5343,1365,178,820,830,1487,619,44
6205,14,258,#Monday,7229,6329,1315,87,1481,883,1803,713,46
6232,17,259,#Tuesday,7133,5929,1356,152,1469,888,1832,188,45
6259,20,260,#Wednesday,7697,6410,689,339,2201,1017,2120,1,42
6286,23,261,#Thursday,5867,4482,695,782,917,672,1377,0,39
6313,2,263,#Saturday,5403,4558,696,589,935,667,1622,0,48
6340,5,264,#Sunday,5076,4329,697,721,870,637,1367,0,36
6368,9,265,#Monday,7182,5740,676,119,1882,1127,1707,186,42
6395,12,266,#Tuesday,7293,5784,679,508,1475,1273,1565,234,48
6422,15,267,#Wednesday,7018,6585,1357,215,1662,1343,1738,227,41
6449,18,268,#Thursday,7148,6619,1334,810,1325,1303,1775,25,44
6476,21,269,#Friday,7299,6326,1359,231,1635,1334,1720,0,47
6503,0,271,#Sunday,5444,5881,1372,1430,787,940,1314,0,40
6530,3,272,#Monday,4889,5099,1371,1401,426,662,1194,0,44
6557,6,273,#Tuesday,6073,5970,1368,882,838,1254,1568,0,60
6584,9,274,#Wednesday,7292,7151,1366,1321,1369,1234,1533,260,66
6611,12,275,#Thursday,7202,7109,1296,812,1396,1402,1676,464,62
6639,16,276,#Friday,7133,6573,1359,629,1282,1494,1609,135,63
6666,19,277,#Saturday,7250,5911,1373,318,1322,1371,1466,0,61
6693,22,278,#Sunday,6006,5551,1371,217,1265,1158,1478,0,61
6720,1,280,#Tuesday,5794,6099,1368,658,1053,1345,1612,0,63
6747,4,281,#Wednesday,5837,6298,1378,2330,348,991,1188,0,62
6774,7,282,#Thursday,7048,6713,1378,717,1466,1427,1660,0,63
6801,10,283,#Friday,7388,6537,1353,504,1346,1243,1521,510,58
6828,13,284,#Saturday,6348,6238,1381,988,886,914,1266,740,62
6855,16,285,#Sunday,5531,5070,1378,342,877,774,1254,394,52
6882,19,286,#Monday,7641,6481,1367,867,1597,1128,1459,0,61
6910,23,287,#Tuesday,6360,5606,1378,541,840,1278,1507,0,62
6937,2,289,#Thursday,5771,5500,1372,109,859,1307,1787,0,66
6964,5,290,#Friday,5898,5393,1375,15,826,1333,1780,0,64
6991,8,291,#Saturday,6510,5654,1373,16,1058,1468,1600,83,54
7018,11,292,#Sunday,5744,5726,1378,192,782,1374,1383,566,52
7045,14,293,#Monday,6943,6079,1322,118,1028,1416,1528,611,56
7072,17,294,#Tuesday,6968,5980,1374,-16,1256,1379,1829,103,55
7099,20,295,#Wednesday,7969,6371,1366,98,1523,1437,1895,0,50
7126,23,296,#Thursday,6508,5750,1366,362,775,1411,1782,0,53
7153,2,298,#Saturday,5695,4817,1375,29,760,980,1619,0,52
7180,3,299,#Sunday,5196,4459,1373,74,725,719,1515,0,50
7208,7,300,#Monday,7269,5835,1375,15,1527,1095,1701,61,59
7235,10,301,#Tuesday,7908,6365,1357,77,1556,1483,1678,148,64
7262,13,302,#Wednesday,8007,6997,1351,551,1476,1582,1887,89,60
7289,16,303,#Thursday,7999,7491,1321,881,1624,1618,1962,18,67
7316,19,304,#Friday,8240,6555,1373,429,1311,1661,1718,0,64
7343,22,305,#Saturday,6567,6539,1379,2398,534,910,1257,0,62
7370,1,307,#Monday,5372,5748,1378,1228,799,960,1332,0,51
7397,4,308,#Tuesday,5785,6156,1382,2018,438,991,1266,0,60
7424,7,309,#Wednesday,7235,6360,1373,794,1268,1302,1541,18,62
7451,10,310,#Thursday,7667,6607,1322,384,1377,1592,1630,239,63
7479,14,311,#Friday,7105,6156,1365,266,1175,1549,1577,160,62
7506,17,312,#Saturday,7278,6176,1376,911,1011,1264,1553,0,60
7533,20,313,#Sunday,6811,6899,1375,1543,1259,1220,1442,0,58
7560,23,314,#Monday,6395,5412,1367,214,908,1286,1578,0,57
7587,2,316,#Wednesday,5865,6743,1373,1661,828,1234,1588,0,59
7614,5,317,#Thursday,6003,5878,1382,929,832,1113,1565,0,57
7641,8,318,#Friday,7810,6592,1379,423,1599,1348,1758,22,62
7668,11,319,#Saturday,7151,6861,1381,377,1464,1642,1625,308,62
7695,14,320,#Sunday,6221,6471,1385,854,1324,1198,1547,98,63
7722,17,321,#Monday,8237,7876,1340,1316,1771,1643,1740,0,63
7750,21,322,#Tuesday,7542,7012,1378,807,1820,1454,1494,0,59
7777,0,324,#Thursday,6141,7444,1376,1929,1075,1481,1526,0,55
7804,3,325,#Friday,6036,7145,1378,2497,890,1091,1230,0,57
7831,6,326,#Saturday,6388,6763,1427,1210,1429,1220,1425,0,58
7858,9,327,#Sunday,6656,6754,1425,755,1519,1340,1556,99,59
7885,12,328,#Monday,8236,8662,1396,1222,2224,1796,1689,270,64
7912,15,329,#Tuesday,8047,7823,1419,1000,1949,1753,1562,76,63
7939,18,330,#Wednesday,8657,7235,1423,93,2147,1776,1730,0,65
7966,21,331,#Thursday,7906,7362,1427,768,1804,1768,1531,0,62
7993,0,333,#Saturday,6402,6882,1436,1045,1337,1511,1496,0,58
8021,4,334,#Sunday,5601,6886,1426,2071,1143,931,1262,0,49
8048,7,335,#Monday,7973,7274,1426,852,1900,1448,1588,5,53
8075,10,336,#Tuesday,8752,7462,1379,98,2408,1802,1630,83,60
8102,13,337,#Wednesday,8322,7249,1384,48,1916,1845,1617,377,60
8129,16,338,#Thursday,8574,7342,1379,375,1982,1871,1673,2,58
8156,19,339,#Friday,8767,8053,1423,997,2046,1897,1644,0,47
8183,22,340,#Saturday,7232,6890,1429,178,1631,1902,1695,0,55
8210,1,342,#Monday,5990,5851,1430,291,990,1419,1663,0,57
8237,4,343,#Tuesday,6502,6920,1431,1435,866,1518,1608,0,57
8264,7,344,#Wednesday,8323,7830,1426,835,1776,1842,1888,0,61
8292,11,345,#Thursday,8733,8971,1380,1502,1916,1866,2127,121,59
8319,14,346,#Friday,8442,8162,1397,905,1774,1859,2092,71,61
8346,17,347,#Saturday,8288,7273,1429,931,1425,1832,1607,0,49
8373,20,348,#Sunday,7642,7013,1426,714,1632,1513,1669,0,57
8400,23,349,#Monday,6765,6225,1427,193,1065,1831,1650,0,59
8427,2,351,#Wednesday,6104,6301,1428,1501,729,1359,1229,0,55
8454,5,352,#Thursday,6517,5833,1432,291,982,1446,1621,0,60
8481,8,353,#Friday,8107,6921,1426,889,1547,1397,1595,7,60
8508,11,354,#Saturday,7428,6095,1432,548,1394,1012,1500,153,54
8535,14,355,#Sunday,6305,6046,1430,569,1319,1012,1515,150,49
8562,17,356,#Monday,8173,6559,1407,584,2108,1049,1355,0,58
8590,21,357,#Tuesday,6792,6640,1417,2060,1110,954,1052,0,48
8617,0,359,#Thursday,5369,6054,1423,2115,460,961,1046,0,48
8644,3,360,#Friday,5202,6057,1422,902,1331,978,1378,0,46
8671,6,361,#Saturday,5771,6322,1423,1331,934,1174,1408,0,52
8698,9,362,#Sunday,6503,7204,1423,1917,1413,1047,1308,40,55
8725,12,363,#Monday,7268,8491,1403,2419,1651,1054,1471,430,60
8752,15,364,#Tuesday,7146,7513,1426,1977,1453,1040,1473,88,59
8779,18,365,#Wednesday,6623,7727,1426,1994,2349,1093,805,0,59
8806,21,366,#Thursday,6769,7123,1427,814,2484,1520,822,0,56
8833,0,368,#Saturday,6127,5837,1423,701,1195,1545,920,0,53
8861,4,369,#Sunday,5623,4968,1423,265,951,1396,880,0,52
8888,7,370,#Monday,7347,7758,1427,2346,1455,1489,974,0,66
8915,10,371,#Tuesday,8366,8438,1411,986,2108,2021,1524,320,69
8942,13,372,#Wednesday,8557,7585,1368,610,1698,1911,1463,467,68
8969,16,373,#Thursday,8522,7283,1391,323,2051,1792,1617,39,68
8996,19,374,#Friday,8671,7764,1418,494,2492,1947,1345,0,68
9023,22,375,#Saturday,7114,7252,1422,1067,1621,1788,1288,0,65
9050,1,377,#Monday,5975,6061,1426,668,845,1808,1247,0,65
9077,4,378,#Tuesday,6527,5698,1426,16,762,1888,1539,0,66
9104,7,379,#Wednesday,8389,7005,1424,-5,1595,1981,1935,0,72
9132,11,380,#Thursday,9148,7447,1396,113,1745,1950,1916,253,62
9159,14,381,#Friday,8809,7696,1410,388,1832,2025,1798,174,68
9186,17,382,#Saturday,8366,7390,1427,151,1873,2038,1831,0,69
9213,20,383,#Sunday,7901,7774,1422,898,1612,1992,1773,0,73
9240,23,384,#Monday,7063,7396,1422,1860,981,1595,1470,0,68
9267,2,386,#Wednesday,6648,7702,1425,2120,759,1842,1489,0,67
9294,5,387,#Thursday,6729,7952,1423,2500,788,1670,1490,0,65
9321,8,388,#Friday,7599,7312,1426,376,1646,1995,1776,23,67
9348,11,389,#Saturday,7505,7338,1426,252,1640,1893,1496,566,64
9375,14,390,#Sunday,6512,6130,1426,18,980,1851,1398,391,66
9403,18,391,#Monday,8820,7718,1418,73,2196,2072,1894,0,64
9430,21,392,#Tuesday,8025,7782,1424,1000,1635,1934,1722,0,66
9457,0,394,#Thursday,6587,6526,1415,92,1199,1957,1806,0,56
9484,3,395,#Friday,6298,6398,1423,678,717,1927,1590,0,62
9511,6,396,#Saturday,6462,6726,1424,512,1059,1988,1677,0,64
9538,9,397,#Sunday,6473,7267,1426,1981,1019,1294,1215,265,64
9565,12,398,#Monday,8231,8640,1378,2454,1193,1872,1412,267,62
9592,15,399,#Tuesday,8098,7060,1423,1374,1205,1440,1492,62,62
9619,18,400,#Wednesday,8716,8949,1416,2748,1810,1617,1287,0,70
9646,21,401,#Thursday,8128,8005,1424,1351,2067,1987,1105,0,69
9674,1,403,#Saturday,6588,7203,1423,1701,1181,1835,998,0,64
9701,4,404,#Sunday,6106,5420,1422,298,1068,1599,971,0,62
9728,7,405,#Monday,7945,7723,1420,2324,1737,1291,878,1,71
9755,10,406,#Tuesday,8772,7651,1399,1745,1876,1490,871,199,68
9782,13,407,#Wednesday,8078,7959,1407,1578,1601,1770,930,601,70
9809,16,408,#Thursday,7905,6602,1394,426,1827,1680,1017,183,75
9836,19,409,#Friday,8554,8168,1424,1669,2302,1675,1027,0,71
9863,22,410,#Saturday,6866,6321,1425,956,1679,1218,975,0,68
9890,1,412,#Monday,5802,5117,1420,641,964,1163,860,0,69
9917,4,413,#Tuesday,6219,6328,1422,2122,516,1177,1023,0,68
9944,7,414,#Wednesday,7799,6888,1421,1192,1711,1375,1122,1,66
9972,11,415,#Thursday,8374,7030,1373,221,2030,1743,1384,211,68
9999,14,416,#Friday,7951,6606,1404,3,1751,1719,1370,287,68
10026,17,417,#Saturday,7150,6004,1428,222,1791,1440,1022,36,67
10053,20,418,#Sunday,7226,7754,1427,2034,2070,1152,1003,0,67
10080,23,419,#Monday,6578,6925,1423,661,1757,1824,1192,0,68
10107,2,421,#Wednesday,5979,5809,1427,550,1060,1376,1330,0,66
10134,5,422,#Thursday,6261,6721,1429,1902,832,1390,1103,0,64
10161,8,423,#Friday,8141,7199,1426,501,2396,1682,1049,79,65
10188,11,424,#Saturday,7322,6687,1424,335,1987,1351,1007,527,55
10215,14,425,#Sunday,6158,6632,1429,2140,723,863,953,471,52
10243,18,426,#Monday,8171,7561,1428,1779,1980,1101,1187,32,52
10270,21,427,#Tuesday,7619,7598,1425,1800,2056,1089,1173,0,55
10297,0,429,#Thursday,6204,6611,1429,806,1462,1631,1229,0,54
10324,3,430,#Friday,5939,5754,1428,561,1117,1379,1204,0,63
10351,6,431,#Saturday,6129,6173,1426,230,1702,1213,1533,0,67
10378,9,432,#Sunday,6286,5837,1426,348,1729,867,1255,156,55
10405,12,433,#Monday,8004,6992,1387,34,2151,1679,1511,174,55
10432,15,434,#Tuesday,7580,7738,1380,1679,2064,1143,1237,169,64
10459,18,435,#Wednesday,8062,8220,1428,1552,2684,1124,1365,1,64
10486,21,436,#Thursday,7530,7586,1402,1554,2073,1139,1352,0,65
10514,1,438,#Saturday,5934,7256,1427,2475,1274,1023,996,0,60
10541,4,439,#Sunday,5350,5877,1427,2221,368,810,991,0,60
10568,7,440,#Monday,7290,6674,1424,185,2456,1173,1190,175,70
10595,10,441,#Tuesday,7646,7037,1372,780,1983,1196,966,671,68
10622,13,442,#Wednesday,7373,6162,1425,345,1404,1188,1008,728,63
10649,16,443,#Thursday,7001,6258,1423,89,2189,1195,1009,287,63
10676,19,444,#Friday,7182,6342,1396,255,2253,1262,1047,64,62
10703,22,445,#Saturday,6193,7240,1427,1892,1602,1229,1032,0,58
10730,1,447,#Monday,5562,5973,1423,1488,1205,994,802,0,60
10757,4,448,#Tuesday,5993,7387,1428,2695,1100,1241,859,0,64
10785,8,449,#Wednesday,7370,8202,1425,2168,1992,1226,1191,129,70
10812,11,450,#Thursday,7505,8180,1411,2557,1469,1094,1037,552,63
10839,14,451,#Friday,6560,6852,1406,2103,621,1032,979,661,50
10866,17,452,#Saturday,6031,5858,1429,370,1820,1034,1031,117,57
10893,21,453,#Sunday,6283,5922,1429,740,2153,819,721,0,60
10920,0,455,#Tuesday,5795,6114,1425,2381,633,1033,581,0,61
10947,3,456,#Wednesday,5466,6146,1428,605,1798,1203,1064,0,48
10974,6,457,#Thursday,5781,5512,1422,407,1458,1034,1135,0,56
11001,9,458,#Friday,6916,5907,1382,91,2066,864,1030,420,53
11028,12,459,#Saturday,6099,5538,1428,110,1914,790,719,523,52
11056,16,460,#Sunday,5290,5256,1426,1841,347,698,484,405,54
11083,19,461,#Monday,6557,6688,1414,1777,1914,745,748,41,46
11110,22,462,#Tuesday,6498,5834,1422,693,1834,1058,771,0,55
11137,1,464,#Thursday,5345,4821,1421,148,1354,1071,779,0,48
11164,4,465,#Friday,5095,4387,1424,161,1553,685,512,0,51
11191,7,466,#Saturday,5254,4810,1427,769,1397,638,506,20,52
11218,10,467,#Sunday,5234,4907,1423,17,1665,656,487,605,52
11245,13,468,#Monday,6156,5875,1369,2019,695,594,423,723,51
11272,16,469,#Tuesday,6262,6305,1427,1525,1821,619,673,189,50
11299,19,470,#Wednesday,6479,5722,1416,303,2080,970,871,34,48
11326,22,471,#Thursday,6236,6828,1423,1820,2010,890,637,0,45
11354,2,473,#Saturday,4558,4568,1420,371,1444,604,687,0,43
11381,5,474,#Sunday,4327,4318,1419,32,1538,572,716,0,41
11408,8,475,#Monday,4526,5495,1420,1686,973,769,488,129,29
11435,11,476,#Tuesday,5790,5503,1368,488,1510,790,708,593,45
11462,14,477,#Wednesday,5957,5707,1342,314,1873,721,608,805,43
11489,17,478,#Thursday,5528,4981,1371,368,1425,752,609,409,46
11516,20,479,#Friday,6331,6135,1400,1867,1471,723,628,0,45
11543,23,480,#Saturday,5305,5968,1420,2017,1584,486,411,0,49
11570,2,482,#Monday,4555,4263,1407,608,1455,446,300,0,46
11597,5,483,#Tuesday,4927,4789,1404,870,1183,658,629,0,43
11625,9,484,#Wednesday,6298,6133,1387,987,1859,658,857,339,44
11652,12,485,#Thursday,6094,5216,1333,181,1755,615,696,588,44
11679,15,486,#Friday,5207,4352,1423,324,1284,365,480,430,45
11706,18,487,#Saturday,5345,4436,1413,585,1372,403,490,128,42
11733,21,488,#Sunday,5743,4200,1414,155,1728,383,475,0,44
11760,0,490,#Tuesday,5358,5553,1411,1870,916,605,707,0,45
11787,3,491,#Wednesday,4898,4891,1415,388,1503,674,860,0,50
11814,6,492,#Thursday,5349,5651,1421,1428,1209,706,830,4,51
11841,9,493,#Friday,6423,6071,1405,1330,1507,694,611,471,51
11868,12,494,#Saturday,5611,5345,1423,225,1502,630,710,804,50
11896,16,495,#Sunday,4792,4493,1420,341,1064,356,725,551,45
11923,19,496,#Monday,6039,5779,1408,1540,1720,397,605,59,48
11950,22,497,#Tuesday,6217,6448,1409,2085,1561,705,636,0,51
11977,1,499,#Thursday,5074,5624,1416,1697,1265,597,597,0,50
12004,4,500,#Friday,4918,4889,1413,1448,749,619,615,0,45
12031,7,501,#Saturday,5059,4876,1416,868,1170,650,618,100,52
12058,10,502,#Sunday,5198,5417,1407,2015,642,378,570,354,50
12085,13,503,#Monday,6468,5427,1332,-13,1794,978,769,521,45
12112,16,504,#Tuesday,6335,6323,1400,1985,997,874,612,407,47
12139,19,505,#Wednesday,6486,6352,1397,2150,1385,921,407,41,49
12167,23,506,#Thursday,5664,5029,1403,581,1534,852,606,0,50
12194,2,508,#Saturday,4882,4453,1390,698,1135,561,619,0,49
12221,5,509,#Sunday,4412,3602,1397,620,629,315,592,0,47
12248,8,510,#Monday,6426,5475,1389,1450,1192,546,597,244,55
12275,11,511,#Tuesday,6578,5435,1405,196,1717,835,662,564,56
12302,14,512,#Wednesday,6500,5623,1399,464,1658,1000,621,433,49
12329,17,513,#Thursday,6020,5330,1365,843,1408,784,576,300,49
12356,20,514,#Friday,6408,5453,1412,905,1658,843,581,7,46
12383,23,515,#Saturday,5474,5351,1411,1286,1382,608,612,0,50
12410,2,517,#Monday,4514,4371,1412,435,1543,307,626,0,47
12438,6,518,#Tuesday,5091,4131,1412,633,1100,323,605,9,49
12465,9,519,#Wednesday,6705,5665,1365,117,1876,1049,756,451,49
12492,12,520,#Thursday,6559,6046,1327,508,1860,924,670,705,50
12519,15,521,#Friday,6425,6424,1387,1278,1948,516,704,541,49
12546,18,522,#Saturday,5690,5284,1405,1301,1442,357,600,132,45
12573,21,523,#Sunday,5551,4958,1409,1646,905,353,598,0,46
12600,0,525,#Tuesday,4912,4858,1403,192,1648,841,727,0,45
12627,3,526,#Wednesday,5135,4837,1400,395,1429,1052,511,0,48
12654,6,527,#Thursday,5370,4558,1395,253,1303,888,662,16,39
12681,9,528,#Friday,6831,5403,1370,102,1962,1076,649,203,41
12708,12,529,#Saturday,6195,5321,1393,100,1824,727,615,621,42
12736,16,530,#Sunday,5371,4604,1402,230,1712,396,413,402,48
12763,19,531,#Monday,6645,5974,1389,347,2407,1116,612,53,51
12790,22,532,#Tuesday,6651,5998,1384,22,2820,1102,618,0,51
12817,1,534,#Thursday,5342,5797,1394,-7,2601,1094,683,0,32
12844,4,535,#Friday,5173,5770,1395,175,2735,838,595,0,31
12871,7,536,#Saturday,5294,5627,1396,274,2617,627,614,67,31
12898,10,537,#Sunday,5301,5053,697,278,2674,376,615,379,33
12925,13,538,#Monday,7046,6845,669,62,3398,1203,945,532,35
12952,16,539,#Tuesday,6747,7028,694,764,3337,1159,664,373,36
12979,19,540,#Wednesday,6578,6762,695,354,3606,1128,835,108,34
13007,23,541,#Thursday,6757,7107,694,794,3512,1095,901,76,35
13034,2,543,#Saturday,5105,5473,693,219,3116,526,884,0,34
13061,5,544,#Sunday,4525,4836,691,332,2543,517,718,0,34
13088,8,545,#Monday,6636,6298,691,31,3490,777,980,298,29
13115,11,546,#Tuesday,7562,7490,682,331,3510,1362,877,687,42
13142,14,547,#Wednesday,7622,7742,691,94,3512,1239,1440,726,38
13169,17,548,#Thursday,7575,7581,691,313,3363,1301,1490,375,38
13196,20,549,#Friday,7378,6888,693,323,3135,1291,1396,9,39
13223,23,550,#Saturday,5959,5827,694,1046,2027,1065,958,0,37
13250,2,552,#Monday,5016,5087,693,1135,1742,497,983,0,36
13278,6,553,#Tuesday,5930,5205,692,134,1828,1218,1280,18,33
13305,9,554,#Wednesday,7122,7524,694,2007,2208,1029,1144,396,44
13332,12,555,#Thursday,7368,6812,669,23,2749,1248,1380,701,42
13359,15,556,#Friday,7266,7295,674,354,2768,1244,1510,703,40
13386,18,557,#Saturday,6531,6310,691,472,2364,1168,1361,219,33
13413,21,558,#Sunday,6167,6132,691,2152,1558,641,1051,0,37
13440,0,560,#Tuesday,5580,6189,695,1765,1648,934,1111,0,35
13467,3,561,#Wednesday,5211,4554,690,22,1408,1167,1230,0,35
13494,6,562,#Thursday,5715,4944,692,193,1584,1225,1203,9,36
13521,9,563,#Friday,7061,6027,672,-5,2410,1307,1285,317,39
13549,13,564,#Saturday,6598,6237,670,556,2145,1272,1132,435,32
13576,16,565,#Sunday,5784,5140,693,1435,1310,540,862,265,35
13603,19,566,#Monday,6636,5979,689,603,2519,1047,1025,57,37
13630,22,567,#Tuesday,6810,6115,690,446,2749,1048,1143,0,39
13657,1,569,#Thursday,5575,5365,690,94,2265,1187,1101,0,28
13684,4,570,#Friday,5374,4985,689,19,1864,1266,1110,0,35
13711,7,571,#Saturday,5695,5221,691,189,1802,1193,1241,71,33
13738,10,572,#Sunday,5650,5640,690,165,1920,1182,1294,356,31
13765,13,573,#Monday,7453,6615,671,549,2624,1069,997,668,36
13792,16,574,#Tuesday,7497,7383,688,314,3241,1177,1339,585,38
13820,20,575,#Wednesday,7609,7388,686,356,3309,1330,1663,7,37
13847,23,576,#Thursday,6803,6914,684,790,2711,1194,1495,0,39
13874,2,578,#Saturday,5509,6363,687,879,2086,1260,1419,0,31
13901,5,579,#Sunday,4938,5997,685,986,2012,1021,1262,0,31
13928,8,580,#Monday,6800,5829,686,30,2157,1163,1475,279,38
13955,11,581,#Tuesday,7268,6664,662,436,2365,1186,1341,634,40
13982,14,582,#Wednesday,7489,7032,678,786,2454,1104,1262,718,29
14009,17,583,#Thursday,7175,7807,995,1647,2334,1194,1255,339,41
14036,20,584,#Friday,7365,7959,1367,1365,2536,1214,1429,8,40
14063,23,585,#Saturday,6201,6813,1366,996,2003,1152,1258,0,37
14090,2,587,#Monday,5082,5323,1365,388,1629,627,1278,0,35
14118,6,588,#Tuesday,5553,4936,1386,330,1323,592,1268,0,38
14145,9,589,#Wednesday,7215,6548,1353,209,2035,1245,1280,381,43
14172,12,590,#Thursday,7433,7220,1371,200,2298,1120,1445,742,41
14199,15,591,#Friday,7402,7389,1339,967,1996,1230,1248,566,42
14226,18,592,#Saturday,5982,6742,1384,1293,1608,1133,1200,86,37
14253,21,593,#Sunday,6352,6252,1383,196,1960,1286,1383,0,43
14280,0,595,#Tuesday,7145,6726,1328,397,2024,1119,1306,506,44
14307,3,596,#Wednesday,5386,5304,1386,179,1286,1211,1205,0,36
14334,6,597,#Thursday,5726,5296,1385,503,1241,962,1155,4,46
14361,9,598,#Friday,7037,6820,1355,961,1853,1016,1220,376,38
14389,13,599,#Saturday,6664,6472,1383,607,1484,1040,1200,722,35
14416,16,600,#Sunday,6096,5534,1384,413,1270,732,1169,532,34
14443,19,601,#Monday,7320,6687,1344,793,2070,1160,1251,28,40
14470,22,602,#Tuesday,7177,6448,1382,958,2062,989,1016,0,40
14497,1,604,#Thursday,5564,5241,1386,426,1238,1049,1103,0,37
14524,4,605,#Friday,5818,5763,1383,1193,1218,889,1041,0,36
14551,7,606,#Saturday,5297,5247,1385,368,1252,1125,1091,0,27
14578,10,607,#Sunday,5708,5260,695,820,1185,941,1019,568,32
14605,13,608,#Monday,7998,7003,1005,70,2475,1279,1394,738,42
14632,16,609,#Tuesday,7525,6696,1351,308,1955,1247,1359,438,36
14660,20,610,#Wednesday,7677,6501,1375,182,2352,1198,1362,0,32
14687,23,611,#Thursday,6186,5925,1367,817,1457,1033,1215,0,36
14714,2,613,#Saturday,5322,6409,1389,1752,1168,811,1257,0,31
14741,5,614,#Sunday,4963,5456,1394,1621,692,702,1012,0,34
14768,8,615,#Monday,6831,5961,1384,113,1776,1273,1200,172,42
14795,11,616,#Tuesday,6996,7131,1387,1208,1612,1132,1155,593,42
14822,14,617,#Wednesday,7317,6379,1357,41,1827,1193,1197,717,45
14849,17,618,#Thursday,7295,6280,1336,401,1781,1204,1233,275,49
14876,20,619,#Friday,7602,6426,1390,243,1972,1341,1444,0,37
14903,23,620,#Saturday,5894,6076,1392,946,1470,1151,1084,0,32
14931,3,622,#Monday,4933,5265,1386,409,1208,1161,1069,0,31
14958,6,623,#Tuesday,6013,6070,1390,1081,1123,1107,1332,0,36
14985,9,624,#Wednesday,7200,6126,1367,118,1641,1248,1343,367,40
15012,12,625,#Thursday,7417,6596,1360,25,1901,1216,1367,687,39
15039,15,626,#Friday,6910,6743,1349,772,1682,1105,1292,503,39
15066,18,627,#Saturday,6204,5379,1392,102,1514,1039,1236,58,37
15093,21,628,#Sunday,6212,5758,1396,296,1671,1164,1192,0,37
15120,0,630,#Tuesday,5639,5541,1397,242,1357,1151,1344,0,49
15147,3,631,#Wednesday,5385,5094,1394,76,1161,1134,1278,0,51
15174,6,632,#Thursday,6229,5860,1398,657,1184,1219,1345,0,55
15202,10,633,#Friday,7224,6414,1374,284,1526,1288,1365,524,51
15229,13,634,#Saturday,6763,8128,1392,2549,1299,1248,1377,209,53
15256,16,635,#Sunday,5486,6004,1388,1891,396,832,1016,432,48
15283,19,636,#Monday,7540,7526,1366,2011,1596,1241,1258,0,55
15310,22,637,#Tuesday,6585,6907,1368,1500,1152,1274,1556,0,55
15337,1,639,#Thursday,5542,5652,1379,1170,829,1000,1225,0,49
15364,4,640,#Friday,5472,5346,1411,593,944,1184,1152,0,62
15391,7,641,#Saturday,5814,5102,1413,470,1311,513,1336,2,58
15418,10,642,#Sunday,5693,6064,1416,2348,618,448,878,303,52
15445,13,643,#Monday,7296,8176,1363,2092,1753,1259,1133,513,62
15472,16,644,#Tuesday,6947,6546,1405,517,2001,1171,1145,238,68
15500,20,645,#Wednesday,7057,6202,1408,569,1941,1108,983,120,71
15527,23,646,#Thursday,6090,5450,1408,814,1329,961,866,0,72
15554,2,648,#Saturday,5388,4967,1408,372,1447,784,883,0,73
15581,5,649,#Sunday,5073,4201,1413,218,1298,220,1006,0,46
15608,8,650,#Monday,7179,5801,1409,496,2224,284,1205,123,60
15635,11,651,#Tuesday,7682,7607,1386,2477,2065,356,1170,88,63
15662,14,652,#Wednesday,6785,5557,1376,221,1823,398,1114,564,60
15689,17,653,#Thursday,7020,5902,1387,525,2301,292,1251,82,62
15716,20,654,#Friday,7656,6240,1412,192,2815,485,1268,0,68
15743,23,655,#Saturday,5868,5886,1420,1753,1363,399,877,0,74
15771,3,657,#Monday,5031,4588,1419,285,1457,406,953,0,68
15798,6,658,#Tuesday,6502,5031,1420,104,1764,511,1155,0,77
15825,9,659,#Wednesday,7752,6339,1407,382,2441,588,1149,299,68
15852,12,660,#Thursday,7289,6424,1364,626,2135,545,968,710,73
15879,15,661,#Friday,7057,6329,1420,525,2072,582,1096,554,79
15906,18,662,#Saturday,7421,6482,1420,-1,2791,786,1408,0,77
15933,19,663,#Sunday,6949,6541,1420,1206,2197,634,1009,0,73
15960,22,664,#Monday,6740,5811,1413,250,2326,668,1070,0,82
15987,1,666,#Wednesday,5787,5128,1422,97,1416,912,1204,0,76
16014,4,667,#Thursday,8018,7197,1409,176,2625,1488,1418,0,81
16042,8,668,#Friday,7452,6217,1423,58,1881,1432,1279,60,81
16069,11,669,#Saturday,7088,6587,1422,275,2013,1427,1176,190,82
16096,14,670,#Sunday,5948,6096,1424,1954,522,641,983,505,67
16123,17,671,#Monday,8116,6867,1377,-1,2643,1536,1239,2,71
16150,20,672,#Tuesday,7971,7268,1422,830,2512,1347,1095,0,60
16177,23,673,#Wednesday,6459,6423,1420,1238,1577,1232,892,0,62
16204,2,675,#Friday,5856,6214,1419,1383,1257,1227,867,0,59
16231,5,676,#Saturday,5907,5856,1420,1027,1110,1312,922,0,67
16258,8,677,#Sunday,6097,5295,1423,232,1362,989,1077,149,62
16285,11,678,#Monday,8103,6981,1389,88,2494,1524,1173,242,69
16313,15,679,#Tuesday,8088,7085,1421,454,2366,1503,1224,46,71
16340,18,680,#Wednesday,8553,7318,1417,268,2665,1642,1253,0,72
16367,21,681,#Thursday,7723,6576,1410,486,1980,1507,1128,0,64
16394,0,683,#Saturday,6259,5659,1416,226,1338,1534,1080,0,63
16421,3,684,#Sunday,5634,4960,1421,-2,1288,1133,1062,0,58
16448,6,685,#Monday,6840,6003,1422,62,1397,1694,1362,0,65
16475,9,686,#Tuesday,8528,7030,1304,66,2297,1725,1481,86,71
16502,12,687,#Wednesday,8371,7955,1376,1575,2001,1622,1191,118,69
16529,15,688,#Thursday,8109,6606,1373,362,1767,1639,1301,96,68
16556,18,689,#Friday,8675,7578,1410,143,2716,1799,1441,0,69
16584,22,690,#Saturday,6841,7013,1421,998,1469,1663,1391,0,68
16611,1,692,#Monday,5947,6742,1426,1638,1079,1437,1097,0,62
16638,4,693,#Tuesday,6064,6456,1426,1709,797,1360,1099,0,64
16665,7,694,#Wednesday,7864,6672,1426,180,1883,1725,1387,1,69
16692,10,695,#Thursday,8780,7446,1348,18,2419,1789,1498,306,66
16719,13,696,#Friday,8480,7384,1392,27,2254,1812,1486,340,70
16746,16,697,#Saturday,8031,6922,1420,-3,2086,1756,1586,3,75
16773,19,698,#Sunday,7590,6456,1417,154,1669,1702,1439,0,76
16800,22,699,#Monday,6945,8138,1421,2292,1714,1489,1156,0,64
16827,1,701,#Wednesday,6237,7350,1419,1791,987,1689,1399,0,64
16854,4,702,#Thursday,6574,6033,1428,178,1209,1684,1455,0,79
16882,8,703,#Friday,8597,8096,1422,1265,2019,1717,1570,16,85
16909,11,704,#Saturday,7765,7991,1427,1809,1690,1283,1434,266,81
16936,14,705,#Sunday,6844,7044,1427,1265,1101,1571,1456,140,82
16963,17,706,#Monday,9151,8654,1370,2231,2086,1695,1187,0,83
16990,20,707,#Tuesday,8778,8929,1423,1910,2414,1757,1346,0,79
17017,23,708,#Wednesday,7165,7196,1423,1578,1288,1605,1242,0,60
17044,2,710,#Friday,6504,6992,1424,1552,1194,1598,1144,0,78
17071,5,711,#Saturday,6304,5234,1422,131,1237,1212,1155,0,75
17098,8,712,#Sunday,6615,6143,1427,109,1528,1726,1269,4,79
17125,11,713,#Monday,8953,8569,1393,1731,2436,1627,1206,85,84
17153,15,714,#Tuesday,8552,7788,1411,794,2285,1735,1438,62,63
17180,18,715,#Wednesday,8928,7653,1424,141,2553,1861,1601,0,65
17207,21,716,#Thursday,8310,7675,1413,3,2906,1811,1464,0,78
17234,0,718,#Saturday,6801,6207,1422,192,1347,1697,1471,0,76
17261,3,719,#Sunday,5944,5682,1424,50,1225,1718,1192,0,72
17288,6,720,#Monday,6702,6397,1424,455,1564,1713,1165,0,75
17315,9,721,#Tuesday,8623,7416,1334,471,2273,1811,1429,23,74
17342,12,722,#Wednesday,8248,7259,1341,189,2055,1846,1505,242,72
17369,15,723,#Thursday,7313,6343,1372,229,1527,1526,1552,59,75
17396,18,724,#Friday,6578,6213,1424,235,1943,1231,1304,0,75
17424,22,725,#Saturday,6206,6493,1424,1814,884,1098,1198,0,75
17451,1,727,#Monday,5499,6471,1424,2092,984,842,1054,0,74
17478,4,728,#Tuesday,5615,7139,1424,2477,736,1299,1119,0,72
17505,7,729,#Wednesday,6308,6847,1424,1742,1452,1115,1041,0,73
17532,10,730,#Thursday,6875,7592,1381,1002,2561,1019,1328,226,76
17559,13,731,#Friday,5423,7171,1425,2076,1197,1159,780,465,69
17586,16,732,#Saturday,6331,7090,1421,856,2354,1470,889,28,70
17613,19,733,#Sunday,7026,6849,1425,999,2543,924,890,0,70
17640,22,734,#Monday,7200,8269,1414,2274,2344,1320,848,0,68
17667,1,736,#Wednesday,6232,7245,1418,1496,2244,1202,814,0,71
17695,5,737,#Thursday,6402,7066,1426,1018,2169,1530,850,0,75
17722,8,738,#Friday,8095,7411,1422,90,3254,1737,831,0,78
17749,11,739,#Saturday,7793,7185,1423,313,2722,1691,853,107,76
17776,14,740,#Sunday,6965,7134,1421,144,2732,1707,994,67,68
17803,17,741,#Monday,8972,9035,1376,1919,2866,1650,1149,0,75
17830,20,742,#Tuesday,8759,8310,1420,1878,2674,1333,935,0,69
17857,23,743,#Wednesday,7046,6523,1422,163,1833,1646,1391,0,68
17884,2,745,#Friday,6584,6819,1417,973,1652,1378,1321,0,78
17911,5,746,#Saturday,6743,6654,1417,189,1816,1744,1407,0,81
17938,8,747,#Sunday,7170,7031,1421,328,2000,1761,1434,5,80
17966,12,748,#Monday,9468,8647,1342,238,3099,1835,1722,327,84
17993,15,749,#Tuesday,8972,7972,1421,340,2541,1797,1653,141,77
18020,18,750,#Wednesday,9204,8311,1412,775,2660,1791,1614,2,56
18047,21,751,#Thursday,8314,7706,1413,822,2286,1555,1574,0,55
18074,0,753,#Saturday,6738,6317,1291,1001,1206,1460,1290,0,68
18101,3,754,#Sunday,5875,6950,699,2473,1336,1120,1253,0,67
18128,6,755,#Monday,6721,7092,702,2690,1257,1120,1252,0,69
18155,9,756,#Tuesday,8945,7005,662,171,2793,1678,1579,46,74
18182,12,757,#Wednesday,8939,9559,695,2560,2755,1727,1556,191,71
18209,15,758,#Thursday,8531,8247,688,1147,2725,1821,1549,239,75
18236,18,759,#Friday,9077,8027,697,1015,2785,1869,1592,0,67
18264,22,760,#Saturday,6895,7367,1372,947,2058,1725,1189,0,75
18291,1,762,#Monday,6061,7130,1407,1022,1864,1559,1202,0,76
18318,4,763,#Tuesday,6487,6491,1418,80,1721,1689,1507,0,75
18345,7,764,#Wednesday,7952,7504,1418,399,2464,1724,1436,0,62
18372,10,765,#Thursday,8833,9286,1369,1437,2845,1748,1541,270,74
18399,13,766,#Friday,8336,7522,1359,306,2567,1374,1445,395,75
18426,16,767,#Saturday,7572,6579,1405,217,2319,1330,1216,14,76
18453,19,768,#Sunday,7743,7531,1407,1491,2404,956,1194,0,77
18480,22,769,#Monday,7417,8742,1394,1409,2659,1641,1563,0,76
18507,1,771,#Wednesday,6363,7168,1405,1224,2131,1414,921,0,73
18535,5,772,#Thursday,6521,6920,1404,384,2426,1459,1172,0,75
18562,8,773,#Friday,9121,9586,1397,1699,3042,1728,1579,67,74
18589,11,774,#Saturday,8256,9319,1398,2180,2790,1153,1199,522,77
18616,14,775,#Sunday,7135,7442,1403,492,2618,965,1538,353,72
18643,17,776,#Monday,8749,8422,1366,1094,2871,1513,1471,27,78
18670,20,777,#Tuesday,9029,8071,1383,220,3036,1860,1495,0,76
18697,23,778,#Wednesday,7483,7661,1393,367,2481,1815,1527,0,77
18724,2,780,#Friday,8589,8948,1400,1132,2935,1815,1561,23,80
18751,5,781,#Saturday,6656,7279,1399,1181,2008,1467,1145,0,78
18778,8,782,#Sunday,6882,6096,1402,364,1986,890,1308,69,75
18806,12,783,#Monday,8908,8104,1384,148,2848,1743,1558,344,76
18833,15,784,#Tuesday,8084,7105,1390,33,2264,1418,1434,494,73
18860,18,785,#Wednesday,8601,7094,1369,16,2563,1543,1520,0,78
18887,21,786,#Thursday,7993,7048,1378,113,2526,1507,1448,0,76
18914,0,788,#Saturday,6334,6335,1401,503,1788,1400,1167,0,76
18941,3,789,#Sunday,5734,6551,1404,1837,1402,859,982,0,69
18968,6,790,#Monday,6413,5328,1399,160,1591,985,1128,0,66
18995,9,791,#Tuesday,8520,7739,1358,24,2632,1758,1524,373,69
19022,12,792,#Wednesday,7919,7750,1392,456,2221,1333,1472,806,68
19049,15,793,#Thursday,7830,8278,1372,930,2441,1689,1545,247,53
19077,19,794,#Friday,8576,8608,1385,917,3129,1624,1482,0,69
19104,22,795,#Saturday,7107,6309,1398,587,2145,893,1218,0,67
19131,1,797,#Monday,5894,6256,1404,912,1577,885,1413,0,64
19158,4,798,#Tuesday,6352,7600,1404,2127,1300,1381,1325,0,62
19185,7,799,#Wednesday,8275,8797,1406,2069,2115,1612,1514,13,66
19212,10,800,#Thursday,8799,8264,1336,1315,2243,1673,1354,276,67
19239,13,801,#Friday,8677,8498,1385,2018,2041,1255,1275,445,78
19266,16,802,#Saturday,7273,5996,1407,11,1684,1331,1259,227,74
19293,19,803,#Sunday,7448,7045,1411,1415,2056,909,1177,0,76
19320,22,804,#Monday,7363,7828,1390,1600,2038,1575,1145,0,79
19348,2,806,#Wednesday,6422,7354,1403,932,1955,1682,1303,0,79
19375,5,807,#Thursday,6503,8022,1405,2434,1642,1389,1080,0,72
19402,8,808,#Friday,8366,7429,1381,12,2773,1670,1292,220,80
19429,11,809,#Saturday,7566,7219,1403,0,2478,1499,1143,610,83
19456,14,810,#Sunday,6445,6276,1403,130,2129,887,1254,404,69
19483,17,811,#Monday,8353,8498,1336,2018,2257,1659,1095,50,83
19510,20,812,#Tuesday,8658,8176,1398,1097,2724,1786,1088,0,82
19537,23,813,#Wednesday,7218,7154,1388,702,2146,1656,1183,0,79
19564,2,815,#Friday,6447,7076,1408,1053,1754,1675,1107,0,77
19591,5,816,#Saturday,6270,5660,1408,445,1563,1215,950,0,79
19618,9,817,#Sunday,6478,6141,1408,369,1859,1276,1149,0,79
19646,13,818,#Monday,7870,8808,1375,2523,1861,1328,941,695,82
19673,16,819,#Tuesday,7321,7633,1393,1581,1965,1304,811,495,84
19700,19,820,#Wednesday,7728,6845,1391,229,2552,1477,1105,12,78
19727,22,821,#Thursday,7139,6896,1397,491,2502,1334,1088,0,82
19754,1,823,#Saturday,6032,6634,1404,1497,1780,890,982,0,79
19781,4,824,#Sunday,5516,5607,1401,412,2009,650,1059,0,76
19808,7,825,#Monday,6848,5836,1403,502,2175,705,959,10,80
19835,10,826,#Tuesday,7987,8483,1335,1586,2853,787,1327,513,79
19862,13,827,#Wednesday,8253,8452,1375,2069,2534,718,1327,346,81
19889,16,828,#Thursday,7675,7091,1350,552,2583,718,1437,370,80
19917,20,829,#Friday,8180,7055,1390,35,3268,731,1546,1,82
19944,23,830,#Saturday,6568,6401,1422,818,2160,713,1211,0,77
19971,2,832,#Monday,5534,5732,1422,534,2026,722,953,0,74
19998,5,833,#Tuesday,6079,5529,1421,175,1736,712,1404,0,80
20025,8,834,#Wednesday,8010,7811,1420,621,3365,748,1554,33,69
20052,11,835,#Thursday,8187,7566,1416,689,2700,684,1550,447,79
20079,14,836,#Friday,7720,7763,1404,1026,2455,696,1594,508,78
20106,17,837,#Saturday,6847,6376,1409,465,2236,686,1328,171,80
20133,20,838,#Sunday,7156,6201,1415,146,2428,694,1449,0,67
20160,23,839,#Monday,6903,6350,1407,175,2112,1092,1501,0,62
20188,3,841,#Wednesday,6167,6319,1414,254,1855,1023,1710,0,62
20215,6,842,#Thursday,6674,6426,1423,250,1997,1064,1627,1,62
20242,9,843,#Friday,7722,6836,1367,91,2509,996,1614,184,73
20269,12,844,#Saturday,6787,6067,1416,8,1713,828,1317,712,71
20296,15,845,#Sunday,5527,5528,1417,654,1132,584,1089,582,68
20323,18,846,#Monday,7164,7436,1388,634,2448,1085,1611,195,72
20350,21,847,#Tuesday,7996,8330,1414,1507,2384,1240,1711,0,74
20377,0,849,#Thursday,6374,6730,1414,527,1821,1234,1662,0,72
20404,3,850,#Friday,5593,5801,1422,402,1895,934,1076,0,70
20431,6,851,#Saturday,5143,5125,1420,13,1991,552,1080,3,65
20459,10,852,#Sunday,4999,5569,1425,-4,2083,543,1119,348,55
20486,13,853,#Monday,5071,6397,1421,495,2213,569,880,760,58
20513,16,854,#Tuesday,6298,6347,1421,654,2191,517,869,630,63
20540,19,855,#Wednesday,6904,7866,1403,1841,3104,479,919,58,62
20567,22,856,#Thursday,6980,6920,1419,151,3067,998,1223,0,63
20594,1,858,#Saturday,5749,6689,1420,862,2733,590,1012,0,71
20621,4,859,#Sunday,5247,5109,1418,362,1990,446,823,0,69
20648,7,860,#Monday,6560,5292,712,247,2732,478,937,106,79
20675,10,861,#Tuesday,7271,6712,706,27,2943,1066,1204,685,80
20702,13,862,#Wednesday,7058,7540,674,1079,2928,916,1078,781,81
20730,17,863,#Thursday,6993,7100,695,828,2874,1032,1309,282,79
20757,20,864,#Friday,7099,7542,708,933,3468,1022,1304,25,80
20784,23,865,#Saturday,6014,6856,710,675,3126,1117,1156,0,70
20811,2,867,#Monday,5040,5503,710,536,2848,415,931,0,62
20838,5,868,#Tuesday,5524,7240,709,1887,2653,933,992,0,66
20865,8,869,#Wednesday,7176,8179,707,1328,3512,934,1305,317,74
20892,11,870,#Thursday,7705,7800,666,1199,3531,903,1228,201,72
20919,14,871,#Friday,6839,7840,661,1661,3214,674,925,631,73
20946,17,872,#Saturday,6173,6318,711,577,3363,441,805,350,70
20973,20,873,#Sunday,5976,6697,708,1244,3477,443,744,8,72
21000,23,874,#Monday,6227,6461,700,681,3597,444,965,0,72
21028,3,876,#Wednesday,5354,6414,704,1128,2669,663,1174,0,75
21055,6,877,#Thursday,6018,6184,704,628,2656,957,1147,14,75
21082,9,878,#Friday,7282,6634,711,23,3499,907,1281,139,73
21109,12,879,#Saturday,6527,7934,705,1768,3487,450,800,651,71
21136,15,880,#Sunday,5482,5569,709,225,2928,457,754,428,66
21163,18,881,#Monday,6688,7403,694,351,4012,854,1287,134,68
21190,21,882,#Tuesday,6992,8331,707,1913,3863,515,1270,0,62
21217,0,884,#Thursday,6031,8124,711,2431,3177,730,1013,0,62
21244,3,885,#Friday,5494,7030,712,888,3146,831,1392,0,60
21271,6,886,#Saturday,5445,6084,712,410,2817,845,1215,25,60
21299,10,887,#Sunday,5502,5838,710,126,3047,454,1066,372,60
21326,13,888,#Monday,7183,7421,691,368,3482,1040,1085,690,64
21353,16,889,#Tuesday,7031,7108,709,140,3384,1166,1234,410,64
21380,19,890,#Wednesday,7027,6934,700,850,3254,914,1056,95,64
21407,22,891,#Thursday,6665,6734,698,729,3057,1095,1089,0,65
21434,1,893,#Saturday,5627,5255,706,335,2259,730,1160,0,63
21461,4,894,#Sunday,5047,4841,701,448,2086,431,1114,0,61
21488,7,895,#Monday,6544,6612,705,882,2976,684,1211,95,58
21515,10,896,#Tuesday,7278,7910,1062,852,3041,1248,1270,362,74
21542,13,897,#Wednesday,7342,7787,1367,272,3030,1204,1346,493,73
21570,17,898,#Thursday,7157,7907,1332,759,2988,1128,1354,272,74
21597,20,899,#Friday,7291,8652,1394,1237,3423,1285,1238,6,67
21624,23,900,#Saturday,6006,6908,1409,451,2926,1114,946,0,61
21651,2,902,#Monday,4919,4844,1402,-16,2099,431,871,0,60
21678,5,903,#Tuesday,4986,5712,1405,143,1956,1258,888,0,61
21705,8,904,#Wednesday,7357,7268,1391,10,3211,1271,1064,246,73
21732,11,905,#Thursday,7750,7672,1340,15,3008,1202,1418,616,72
21759,14,906,#Friday,8237,8165,1309,330,3197,1197,1445,614,70
21786,17,907,#Saturday,6986,7335,1387,347,2792,1163,1240,332,69
21813,20,908,#Sunday,6371,6815,1381,271,2790,1184,1108,18,62
21841,0,910,#Tuesday,6279,6226,1370,213,2129,1182,1275,0,57
21868,3,911,#Wednesday,5819,6309,1371,729,2130,1085,934,0,58
21895,6,912,#Thursday,6239,6925,1372,374,2524,1147,1433,14,59
21922,9,913,#Friday,7577,7090,1307,45,2641,1204,1512,316,64
21949,12,914,#Saturday,6705,6724,1369,278,2079,1147,1298,494,58
21976,15,915,#Sunday,5958,6825,1374,488,2327,792,1316,472,52
22003,18,916,#Monday,7254,7954,1348,1114,2512,1210,1464,249,57
22030,21,917,#Tuesday,7726,7971,1374,1189,2529,1244,1571,0,64
22057,0,919,#Thursday,6323,6280,1367,119,1884,1243,1604,0,63
22084,3,920,#Friday,5873,6132,1378,320,1523,1180,1668,0,63
22112,7,921,#Saturday,6081,6048,1375,682,1819,920,1109,82,62
22139,10,922,#Sunday,6034,5721,675,116,2060,1169,1115,523,61
22166,13,923,#Monday,8202,6761,650,83,2463,1266,1539,702,59
22193,16,924,#Tuesday,8151,7278,1316,52,2436,1308,1569,536,58
22220,19,925,#Wednesday,8063,7236,1355,78,2801,1315,1525,110,50
22247,22,926,#Thursday,7652,6725,1331,402,2216,1319,1393,0,64
22274,1,928,#Saturday,6046,5697,1361,623,1383,1145,1124,0,60
22301,4,929,#Sunday,5463,4858,1367,300,1490,487,1165,0,47
22328,7,930,#Monday,6874,6230,1360,90,2082,1301,1270,74,51
22355,10,931,#Tuesday,7842,6611,1359,9,2159,1301,1398,318,64
22382,13,932,#Wednesday,7888,8031,1306,1187,2228,1257,1483,514,56
22410,17,933,#Thursday,7379,8572,1332,1802,2390,1080,1543,370,53
22437,20,934,#Friday,7310,7101,1360,186,2545,1334,1604,11,59
22464,23,935,#Saturday,6275,5819,1365,28,1834,1193,1341,0,57
22491,2,937,#Monday,5251,4756,1372,64,1475,546,1255,0,43
22518,5,938,#Tuesday,5765,5498,1371,203,1429,1174,1271,0,48
22545,8,939,#Wednesday,7489,6741,1371,164,2160,1296,1510,180,58
22572,11,940,#Thursday,8350,6961,636,11,2876,1191,1570,618,58
22599,14,941,#Friday,8386,6666,642,136,2272,1239,1625,690,62
22626,17,942,#Saturday,7503,7036,1297,771,1964,1152,1521,269,59
22653,20,943,#Sunday,6996,6109,1363,546,2272,442,1427,9,48
22681,0,945,#Tuesday,6516,6071,1346,306,1751,1181,1427,0,60
22708,3,946,#Wednesday,5726,5379,1358,295,1116,1157,1385,0,63
22735,6,947,#Thursday,6118,5726,1358,140,1442,1216,1499,7,61
22762,9,948,#Friday,7282,6224,1341,254,1765,1186,1351,263,63
22789,12,949,#Saturday,6787,6978,1366,1888,1121,943,878,722,58
22816,15,950,#Sunday,6244,5607,1368,162,1153,1123,1085,654,61
22843,18,951,#Monday,7679,6251,1344,67,1940,1231,1427,179,63
22870,21,952,#Tuesday,7678,6767,1356,721,1968,1311,1348,0,62
22897,0,954,#Thursday,6196,5991,1357,698,1300,1268,1303,0,63
22924,3,955,#Friday,5504,5438,1366,498,995,1187,1327,0,63
22952,7,956,#Saturday,5733,5537,1369,221,1291,1301,1241,52,60
22979,10,957,#Sunday,5808,5329,1370,-26,1347,798,1246,534,61
23006,13,958,#Monday,7992,6820,1314,216,1828,1228,1444,717,71
23033,16,959,#Tuesday,7807,7173,1358,828,1866,1176,1414,457,73
23060,19,960,#Wednesday,7243,6597,1350,369,2331,1304,1160,13,70
23087,22,961,#Thursday,6972,6276,1367,373,1866,1298,1304,0,70
23114,1,963,#Saturday,5550,4950,1369,59,1205,1150,1098,0,68
23141,4,964,#Sunday,5017,4330,1373,141,1022,805,918,1,67
23168,7,965,#Monday,6282,5574,1374,99,1692,1257,1048,41,63
23195,10,966,#Tuesday,7468,6132,1340,21,1868,1278,1144,411,64
23223,14,967,#Wednesday,7571,6188,1344,98,1821,1317,1139,411,57
23250,17,968,#Thursday,7072,6057,1332,107,1788,1323,1137,305,64
23277,20,969,#Friday,7457,6095,1356,696,1764,1128,1087,0,62
23304,23,970,#Saturday,5711,5206,1376,904,1143,978,751,0,53
23331,2,972,#Monday,4963,5259,1379,893,1220,919,790,0,55
23358,5,973,#Tuesday,5572,5713,1381,436,1167,1292,1376,0,60
23385,8,974,#Wednesday,7035,6684,1386,691,1864,1260,1278,146,59
23412,11,975,#Thursday,7269,8062,1323,2231,1724,956,1240,527,60
23439,14,976,#Friday,6995,6276,1342,215,1723,1086,1295,551,64
23466,17,977,#Saturday,6130,5354,1394,199,1234,1142,1035,298,50
23494,21,978,#Sunday,6261,5333,1394,844,1389,431,1231,0,42
23521,0,980,#Tuesday,5709,5267,1393,385,1092,1208,1143,0,45
23548,3,981,#Wednesday,5468,5455,1400,415,1024,1277,1292,0,46
23575,6,982,#Thursday,5948,6152,1403,955,1233,1244,1267,0,47
23602,9,983,#Friday,7180,6462,1352,348,1666,1313,1347,376,58
23629,12,984,#Saturday,6316,5970,1401,199,1280,1102,1215,717,55
23656,15,985,#Sunday,5687,5370,1398,361,1015,819,1102,619,56
23683,18,986,#Monday,7017,6032,1376,168,1872,1203,1227,122,62
23710,21,987,#Tuesday,7308,5748,1390,97,1669,1312,1206,0,73
23737,0,989,#Thursday,5840,5198,1388,140,993,1275,1330,0,72
23764,3,990,#Friday,5637,5818,1393,993,900,1174,1288,0,69
23792,7,991,#Saturday,5716,5335,1059,1123,1135,977,967,8,63
23819,10,992,#Sunday,5554,4688,1044,276,1159,480,1213,468,48
23846,13,993,#Monday,7186,6112,1379,146,1585,1361,1201,393,46
23873,16,994,#Tuesday,6919,6482,1384,554,1627,1260,1196,404,56
23900,19,995,#Wednesday,7670,5988,1390,95,1825,1431,1193,0,53
23927,22,996,#Thursday,6966,5903,1399,97,1641,1422,1300,0,44
23954,1,998,#Saturday,5695,5188,1407,958,984,838,951,0,48
23981,4,999,#Sunday,5173,4281,1405,144,1021,538,1126,0,47
24008,7,1000,#Monday,6580,5387,1402,155,1609,1035,1121,10,54
24035,10,1001,#Tuesday,7496,6231,1384,395,1585,1474,1208,121,62
24063,14,1002,#Wednesday,7253,6661,1353,1021,1330,1409,1234,252,60
24090,17,1003,#Thursday,7140,6591,1383,1048,1506,1185,1282,122,63
24117,20,1004,#Friday,7509,6795,1397,1014,1615,1435,1265,0,70
24144,23,1005,#Saturday,5914,5109,1408,253,1312,949,1119,0,68
24171,2,1007,#Monday,5118,4339,1409,64,1050,566,1182,0,67
24198,5,1008,#Tuesday,5708,5266,1413,552,884,1083,1267,0,66
24225,8,1009,#Wednesday,7277,6936,1417,1249,1404,1440,1255,100,70
24252,11,1010,#Thursday,7637,8074,1371,1956,1737,1378,1271,291,69
24279,14,1011,#Friday,7437,7555,1366,2295,1508,918,1192,205,69
24306,17,1012,#Saturday,6794,6117,1420,1318,1263,803,1184,58,69
24334,21,1013,#Sunday,6704,5055,1420,457,1125,841,1144,0,67
24361,0,1015,#Tuesday,6205,5280,1404,59,1299,1253,1206,0,57
24388,3,1016,#Wednesday,5805,6668,1418,2395,762,1024,1008,0,61
24415,6,1017,#Thursday,6523,5150,1414,150,919,1250,1350,0,67
24442,9,1018,#Friday,8184,7182,661,1597,2059,1326,1390,76,72
24469,12,1019,#Saturday,7210,5400,704,896,1227,1292,1081,131,70
24496,15,1020,#Sunday,5985,5431,1419,792,802,1204,920,230,63
24523,18,1021,#Monday,7622,5775,1401,21,1519,1349,1410,3,72
24550,21,1022,#Tuesday,7627,6090,1409,48,1796,1352,1412,0,72
24577,0,1024,#Thursday,6264,6913,1408,2119,903,1075,1329,0,78
24605,4,1025,#Friday,5851,6040,1414,915,912,1251,1475,0,73
24632,7,1026,#Saturday,6291,5592,1418,621,832,1307,1334,0,79
24659,10,1027,#Sunday,5950,6156,1417,1463,770,967,1093,376,70
24686,13,1028,#Monday,7404,6321,1384,34,1326,1441,1353,702,78
24713,16,1029,#Tuesday,7046,6223,1403,226,1351,1472,1344,345,79
24740,19,1030,#Wednesday,8099,6068,1399,204,1432,1474,1487,0,72
24767,22,1031,#Thursday,7010,5908,1407,31,1415,1487,1485,0,84
24794,1,1033,#Saturday,5974,5681,1410,311,1004,1468,1410,0,78
24821,3,1034,#Sunday,5341,5258,1415,141,934,1314,1393,0,58
24848,5,1035,#Monday,5616,5020,1419,295,885,1096,1284,0,42
24876,9,1036,#Tuesday,7958,6775,1394,780,1488,1549,1351,162,51
24903,12,1037,#Wednesday,7628,6924,1395,540,1380,1488,1490,582,47
24930,15,1038,#Thursday,7392,6773,1404,547,1595,1441,1536,192,57
24957,18,1039,#Friday,7893,6680,1404,654,1458,1495,1616,0,52
24984,21,1040,#Saturday,6685,5427,1414,331,815,1459,1355,0,51
25011,0,1042,#Monday,5433,5907,1413,819,933,1324,1362,0,54
25038,3,1043,#Tuesday,5770,6259,1414,1152,904,1361,1370,0,58
25065,6,1044,#Wednesday,6481,6034,1405,564,1064,1575,1358,0,68
25092,9,1045,#Thursday,8028,6610,1378,207,1422,1657,1451,429,64
25119,12,1046,#Friday,7778,6559,1346,10,1507,1618,1412,598,67
25146,15,1047,#Saturday,6893,5728,1412,248,1065,1625,1157,158,62
25174,19,1048,#Sunday,7145,5696,1423,122,1292,1665,1130,0,64
25201,22,1049,#Monday,7119,7313,1412,2139,1321,1382,992,0,65
25228,1,1051,#Wednesday,6177,5783,1417,351,1105,1658,1190,0,61
25255,4,1052,#Thursday,6142,5279,1418,6,951,1559,1278,0,68
25282,7,1053,#Friday,7551,6274,1418,365,1547,1586,1287,0,71
25309,10,1054,#Saturday,7351,6407,1415,828,1044,1620,1096,333,70
25336,13,1055,#Sunday,6263,6161,1415,570,906,1579,1172,451,69
25363,16,1056,#Monday,8081,6090,1359,159,1666,1647,1181,4,74
25390,19,1057,#Tuesday,8429,7209,1412,1026,1761,1695,1240,0,73
25417,22,1058,#Wednesday,7295,6190,1416,257,1460,1683,1295,0,79
25445,2,1060,#Friday,6242,6658,1414,1780,842,1296,1252,0,73
25472,5,1061,#Saturday,6311,6661,1419,1665,910,1445,1155,0,65
25499,8,1062,#Sunday,6246,5784,1418,525,1274,1285,1176,39,66
25526,11,1063,#Monday,8092,8010,1361,1497,1932,1735,1324,92,67
25553,14,1064,#Tuesday,7205,8277,1383,2171,1395,1795,1292,172,67
25580,17,1065,#Wednesday,7979,7119,1418,706,1765,1794,1365,0,70
25607,20,1066,#Thursday,8278,7368,1414,1142,1546,1758,1433,0,74
25634,23,1067,#Friday,6878,6909,1416,1577,853,1614,1382,0,65
25661,2,1069,#Sunday,5917,5461,1421,195,913,1718,1150,0,63
25688,5,1070,#Monday,6120,6279,1420,962,939,1715,1178,0,64
25716,9,1071,#Tuesday,8921,7552,1406,1106,1939,1835,1181,11,71
25743,12,1072,#Wednesday,8964,8596,1362,2075,1848,1794,1305,141,70
25770,15,1073,#Thursday,8580,6847,1381,339,1970,1799,1255,31,72
25797,18,1074,#Friday,8770,8599,1404,2174,1964,1713,1265,0,77
25824,21,1075,#Saturday,7691,8201,1418,2218,1618,1754,1123,0,68
25851,0,1077,#Monday,6001,5820,1416,725,1156,1528,935,0,60
25878,3,1078,#Tuesday,6302,6991,1413,1505,1486,1396,1123,0,67
25905,6,1079,#Wednesday,7056,7666,1417,1873,1455,1634,1221,0,66
25932,9,1080,#Thursday,9051,8690,1361,1704,2345,1719,1434,57,70
25959,12,1081,#Friday,8736,8624,1394,1989,2098,1535,1392,144,70
25987,16,1082,#Saturday,7943,7648,1422,1393,1734,1758,1259,8,73
26014,19,1083,#Sunday,7793,7587,1417,1296,2086,1737,979,0,71
26041,22,1084,#Monday,7764,7601,1394,1519,1580,1774,1259,0,75
26068,1,1086,#Wednesday,6682,6514,1410,274,1796,1911,1055,0,69
26095,4,1087,#Thursday,6608,5896,1406,72,1120,1881,1344,0,73
26122,7,1088,#Friday,6933,6900,1403,1576,1089,1484,1273,0,75
26149,10,1089,#Saturday,6131,7048,1414,2056,1178,1222,991,118,67
26176,13,1090,#Sunday,6448,6112,1409,418,1332,1841,1001,44,65
26203,16,1091,#Monday,7720,7639,1412,1545,1591,1805,1214,0,71
26230,19,1092,#Tuesday,8105,6607,1405,63,1985,1864,1216,0,74
26258,23,1093,#Wednesday,6677,6320,708,1633,1196,1481,1234,0,67
26285,2,1095,#Friday,5784,6200,1416,966,1491,1140,1123,0,64
26312,5,1096,#Saturday,5252,6156,1420,926,1550,1195,1004,0,59
26339,8,1097,#Sunday,5507,6661,1420,1676,1699,854,937,14,60
26366,11,1098,#Monday,7970,7513,1374,1699,1929,1131,1080,233,65
26393,14,1099,#Tuesday,7642,6773,1399,503,2046,1504,912,342,65
26420,17,1100,#Wednesday,8145,7531,1413,1438,2229,1483,899,0,67
26447,20,1101,#Thursday,7973,7678,1414,799,2477,1749,1175,0,65
26474,23,1102,#Friday,6778,6762,1416,1357,1650,1351,925,0,63
26501,2,1104,#Sunday,5799,6353,1421,652,1603,1530,1088,0,59
26528,5,1105,#Monday,5997,6579,1419,722,1571,1669,1137,0,60
26556,9,1106,#Tuesday,8952,9513,1408,2575,2593,1685,1165,18,67
26583,12,1107,#Wednesday,8931,9512,1392,2468,2287,1853,1224,216,70
26610,15,1108,#Thursday,8561,7714,1364,1585,2046,1396,1118,130,74
26637,18,1109,#Friday,8865,8882,1404,2443,2056,1805,1098,0,76
26664,21,1110,#Saturday,7634,7631,1405,1662,1574,1714,1210,0,65
26691,0,1112,#Monday,6230,6744,1412,940,1300,1801,1232,0,59
26718,3,1113,#Tuesday,6366,7291,1411,2516,940,1377,981,0,66
26745,6,1114,#Wednesday,7355,8127,1421,2428,1417,1578,1214,0,69
26772,9,1115,#Thursday,8872,8548,1393,1680,1988,1862,1327,228,67
26799,12,1116,#Friday,8552,6950,1418,99,2007,1863,1201,289,71
26827,16,1117,#Saturday,7664,6073,1417,72,1406,1824,1238,43,71
26854,19,1118,#Sunday,7081,6848,1420,1097,1370,1691,1160,41,67
26881,22,1119,#Monday,7348,8078,1417,1816,1784,1828,1172,0,60
26908,1,1121,#Wednesday,6681,6080,1403,529,1039,1829,1210,0,69
26935,4,1122,#Thursday,6589,5874,1408,368,1355,1482,1193,0,67
26962,7,1123,#Friday,8110,7881,1418,1538,1700,1869,1285,0,70
26989,10,1124,#Saturday,7931,6808,1411,219,1677,1875,1207,349,69
27016,13,1125,#Sunday,6735,7484,1415,2098,1161,1228,1084,428,69
27043,16,1126,#Monday,8097,7152,1386,834,1772,1825,1209,54,70
27070,19,1127,#Tuesday,8631,6791,1421,118,2025,1815,1342,0,67
27098,23,1128,#Wednesday,6994,6223,1420,536,1099,1790,1315,0,65
27125,2,1130,#Friday,6324,6232,1402,581,1136,1847,1190,0,74
27152,5,1131,#Saturday,6329,5870,1417,462,940,1806,1169,0,75
27179,8,1132,#Sunday,6385,5967,1414,403,1127,1764,1169,15,74
27206,11,1133,#Monday,8681,7599,1383,1486,1562,1791,1191,109,75
27233,14,1134,#Tuesday,8037,9092,1404,2721,1548,1713,1145,478,83
27260,17,1135,#Wednesday,7986,7090,1405,1123,1691,1646,1139,2,83
27287,20,1136,#Thursday,7929,7081,1405,1034,1632,1749,1181,0,80
27314,23,1137,#Friday,6634,5701,1407,58,1051,1809,1295,0,80
27341,2,1139,#Sunday,5696,6206,1418,885,896,1771,1158,0,76
27369,6,1140,#Monday,6689,5628,1421,357,921,1764,1085,0,79
27396,9,1141,#Tuesday,8468,7084,1405,167,2180,1821,1169,261,79
27423,12,1142,#Wednesday,7952,6936,1414,388,1658,1727,1287,381,79
27450,15,1143,#Thursday,7480,8092,1405,2525,1460,1308,1063,249,80
27477,18,1144,#Friday,8039,6977,1400,1414,1314,1571,1193,0,84
27504,21,1145,#Saturday,7042,6583,1401,823,1426,1755,1095,0,80
27531,0,1147,#Monday,5613,5831,1408,1352,750,1340,906,0,72
27558,3,1148,#Tuesday,5762,6123,1399,515,1154,1712,1264,0,78
27585,6,1149,#Wednesday,6866,7012,1415,809,1663,1747,1300,0,78
27612,9,1150,#Thursday,8181,8630,1389,1623,2133,1757,1351,298,77
27640,13,1151,#Friday,7564,7536,1397,544,1909,1712,1157,743,73
27667,16,1152,#Saturday,6811,7084,1416,1196,1626,1571,1091,103,80
27694,19,1153,#Sunday,7078,7653,1411,1991,1671,1292,1208,0,77
27721,22,1154,#Monday,7266,8678,1403,2503,1880,1542,1273,0,76
27748,1,1156,#Wednesday,6409,6772,1415,2249,977,913,1141,0,75
27775,4,1157,#Thursday,6426,7166,1418,2440,1058,902,1270,0,78
27802,7,1158,#Friday,7343,5947,1415,154,1743,956,1536,59,82
27829,10,1159,#Saturday,7489,6198,1410,220,1863,934,1404,289,76
27856,13,1160,#Sunday,6363,6265,1412,495,1559,935,1443,348,72
27883,16,1161,#Monday,8057,6026,1362,4,2125,962,1408,90,74
27910,19,1162,#Tuesday,8371,6853,1397,513,2455,961,1447,0,80
27938,23,1163,#Wednesday,6949,6651,1407,1242,1456,941,1526,0,78
27965,2,1165,#Friday,6356,7291,1406,2133,1321,900,1455,0,75
27992,5,1166,#Saturday,6351,6963,1416,2090,1199,899,1282,0,77
28019,8,1167,#Sunday,6346,5305,1416,366,1198,917,1159,173,74
28046,11,1168,#Monday,7956,5958,1372,107,1633,902,1162,717,65
28073,14,1169,#Tuesday,7516,6168,1410,253,1625,927,1415,470,67
28100,17,1170,#Wednesday,7890,7006,1361,1632,1729,869,1329,15,68
28127,20,1171,#Thursday,8253,6147,1394,385,1771,940,1588,0,67
28154,23,1172,#Friday,6710,5953,1410,674,1334,927,1540,0,68
28181,2,1174,#Sunday,5622,6369,1411,1724,1216,893,1062,0,62
28209,6,1175,#Monday,6591,6149,1415,995,1559,942,1162,13,62
28236,9,1176,#Tuesday,6646,6127,1404,869,1708,957,1120,0,70
28263,12,1177,#Wednesday,7128,7237,1414,1872,1241,863,969,801,73
28290,15,1178,#Thursday,6819,6420,1384,816,1608,853,1104,582,74
28317,18,1179,#Friday,7175,6198,1405,1349,1353,903,1091,21,77
28344,21,1180,#Saturday,6846,7004,1413,2355,1286,886,988,0,75
28371,1,1182,#Monday,5135,4658,1408,127,1215,863,974,0,71
28398,4,1183,#Tuesday,5680,5294,1415,543,1223,908,1125,0,79
28425,7,1184,#Wednesday,7009,6167,1413,1054,1745,849,1004,20,79
28452,10,1185,#Thursday,6087,6028,1418,1185,1227,866,1254,0,78
28480,14,1186,#Friday,6967,8154,1372,2530,1946,749,1072,419,66
28507,17,1187,#Saturday,6319,7168,1411,2035,1879,481,1141,160,60
28534,20,1188,#Sunday,6575,6239,1412,925,2191,489,1151,5,64
28561,23,1189,#Monday,6405,6187,1402,858,1579,881,1405,0,60
28588,2,1191,#Wednesday,5637,5510,1414,662,1547,410,1416,0,60
28615,5,1192,#Thursday,5817,6546,1425,1824,1444,403,1387,0,63
28642,8,1193,#Friday,7344,6752,1415,846,2082,675,1500,165,67
28669,11,1194,#Saturday,6346,5959,1416,938,1544,383,1139,476,62
28696,14,1195,#Sunday,5911,5771,1412,1429,1433,292,968,171,65
28723,17,1196,#Monday,6918,7962,1389,2664,2010,552,928,343,75
28751,21,1197,#Tuesday,7417,6141,1414,346,2127,803,1375,0,76
28778,0,1199,#Thursday,6103,6999,1407,1669,1600,770,1479,0,73
28805,3,1200,#Friday,5661,5378,1403,0,1622,774,1503,0,76
28832,6,1201,#Saturday,5599,5493,1403,492,1551,790,1178,0,76
28859,9,1202,#Sunday,5970,7031,1406,2374,1901,380,796,104,68
28886,12,1203,#Monday,7249,6991,1337,1710,1876,404,1060,523,78
28913,15,1204,#Tuesday,7355,6127,1379,25,2029,863,1261,488,81
28940,18,1205,#Wednesday,7152,6523,1398,667,2044,860,1388,89,76
28967,21,1206,#Thursday,6986,6741,1355,609,1949,832,1359,558,80
28994,0,1208,#Saturday,5450,6785,1411,2468,1443,413,979,0,70
29022,4,1209,#Sunday,4548,4593,1412,372,1459,415,885,0,49
29049,7,1210,#Monday,4447,5433,1408,1052,1634,414,815,60,48
29076,10,1211,#Tuesday,6167,5901,1396,278,1751,908,898,616,53
29103,13,1212,#Wednesday,6953,7203,1379,224,2467,1203,1262,619,49
29130,16,1213,#Thursday,6879,6912,1358,100,2607,1205,1373,217,50
29157,19,1214,#Friday,6592,7499,1397,945,2670,1072,1333,28,53
29184,22,1215,#Saturday,6362,6111,1409,122,2363,1206,957,0,53
29211,1,1217,#Monday,4858,5731,1402,86,2417,775,991,0,58
29238,4,1218,#Tuesday,5314,5932,1411,24,2094,1135,1208,0,60
29265,7,1219,#Wednesday,6622,6959,1418,246,2615,1192,1355,66,66
29292,10,1220,#Thursday,6957,7201,1370,475,2577,1046,1245,422,66
29320,14,1221,#Friday,6624,7195,1404,119,2297,1207,1485,615,65
29347,17,1222,#Saturday,5960,6780,1406,451,2065,1148,1361,281,66
29374,20,1223,#Sunday,5989,5965,699,389,2274,1170,1365,2,65
29401,23,1224,#Monday,5930,5346,703,315,1860,1047,1350,0,69
29428,2,1226,#Wednesday,5303,5325,703,72,1859,1256,1367,0,67
29455,5,1227,#Thursday,5340,5896,703,531,1829,1301,1475,0,56
29482,8,1228,#Friday,6787,6292,705,111,2278,1388,1458,287,64
29509,11,1229,#Saturday,6205,6268,704,367,2166,1033,1329,615,54
29536,14,1230,#Sunday,5318,5238,701,71,1854,756,1170,631,55
29563,17,1231,#Monday,6597,6251,674,327,2262,1334,1208,382,64
29591,21,1232,#Tuesday,7007,6085,698,373,2359,1367,1225,0,63
29618,0,1234,#Thursday,5512,5985,700,920,1994,966,1337,0,66
29645,3,1235,#Friday,5165,5766,699,608,1801,1326,1262,0,68
29672,6,1236,#Saturday,5019,4844,699,724,1911,468,966,8,66
29699,9,1237,#Sunday,5156,5105,701,839,1647,502,974,380,60
29726,12,1238,#Monday,6745,6358,678,88,2354,1296,1204,662,73
29753,15,1239,#Tuesday,6597,6403,696,440,2317,1298,1160,426,64
29780,18,1240,#Wednesday,6608,7659,698,1756,2371,1263,1277,223,68
29807,21,1241,#Thursday,6987,5754,696,168,2233,1294,1293,0,71
29834,0,1243,#Saturday,5593,6063,699,1051,1778,1293,1177,0,64
29862,4,1244,#Sunday,4678,4713,691,304,1800,705,1158,0,54
29889,7,1245,#Monday,6091,5719,696,512,2296,937,1139,72,66
29916,10,1246,#Tuesday,6799,6011,685,45,2203,1258,1151,598,71
29943,13,1247,#Wednesday,6439,6269,696,44,2288,1267,1196,715,62
29970,16,1248,#Thursday,6703,6138,671,94,2293,1205,1318,497,60
29997,19,1249,#Friday,6678,6202,691,433,2355,1259,1328,67,67
30024,22,1250,#Saturday,6409,5331,691,173,1897,1278,1220,0,70
30051,1,1252,#Monday,4943,5501,691,1173,1553,940,1081,0,64
30078,4,1253,#Tuesday,5119,5631,690,655,1706,1206,1307,0,66
30105,7,1254,#Wednesday,6329,5782,692,161,2139,1292,1314,112,71
30133,11,1255,#Thursday,7079,6345,661,189,2171,1307,1425,524,66
30160,14,1256,#Friday,6872,6252,652,257,2117,1271,1403,484,66
30187,17,1257,#Saturday,5954,5367,690,278,1707,1143,1237,255,57
30214,20,1258,#Sunday,5479,5878,692,2088,1452,454,1122,12,58
30241,23,1259,#Monday,5426,4977,691,413,1672,1222,922,0,57
30268,2,1261,#Wednesday,5112,5858,690,903,1736,1255,1212,0,61
30295,5,1262,#Thursday,5170,5022,690,263,1666,1259,1082,0,60
30322,8,1263,#Friday,6680,5804,692,89,2145,1274,1336,204,62
30349,11,1264,#Saturday,6126,5828,691,917,1670,919,854,719,58
30376,14,1265,#Sunday,5346,4735,692,191,1642,499,975,681,54
30404,18,1266,#Monday,6927,6332,690,281,2367,1228,1468,237,60
30431,21,1267,#Tuesday,6995,6782,689,610,2772,1237,1411,0,61
30458,0,1269,#Thursday,5616,5718,682,566,1633,1240,1541,0,54
30485,3,1270,#Friday,6802,7179,664,1380,2016,1288,1322,452,56
30512,6,1271,#Saturday,5175,5657,680,644,1585,1366,1312,20,49
30539,9,1272,#Sunday,5422,5002,681,238,1560,889,1307,281,44
30566,12,1273,#Monday,7277,7158,658,675,2059,1311,1703,707,44
30593,15,1274,#Tuesday,7342,7209,986,445,2225,1318,1683,509,41
30620,18,1275,#Wednesday,7190,7194,1331,214,2219,1313,1807,258,51
30647,21,1276,#Thursday,7417,7138,1328,337,2207,1328,1885,0,53
30674,0,1278,#Saturday,6111,6173,1351,79,1504,1342,1846,0,51
30702,4,1279,#Sunday,5093,5150,1354,168,1221,892,1467,0,47
30729,7,1280,#Monday,6463,5890,1356,-6,1871,1057,1478,83,50
30756,10,1281,#Tuesday,7717,6566,1348,47,1859,1282,1470,505,53
30783,13,1282,#Wednesday,7858,6557,1331,132,1943,1235,1439,437,38
30810,16,1283,#Thursday,7073,7416,1290,1686,1654,914,1388,427,54
30837,19,1284,#Friday,6934,6593,1352,1071,1519,1259,1252,85,53
30864,22,1285,#Saturday,6322,5753,1368,1526,1175,474,1155,0,53
30891,1,1287,#Monday,5012,5723,1370,1194,1173,480,1453,0,52
30918,4,1288,#Tuesday,5251,5221,1355,165,1247,898,1494,0,60
30945,7,1289,#Wednesday,6168,5817,1370,464,1452,974,1424,73,57
30973,11,1290,#Thursday,7060,6842,1342,336,1632,1295,1497,681,58
31000,14,1291,#Friday,7301,6865,1307,571,1698,1098,1551,577,62
31027,17,1292,#Saturday,6332,5949,1359,490,1033,1240,1360,413,52
31054,20,1293,#Sunday,5935,5842,1359,727,1226,1294,1173,6,56
31081,23,1294,#Monday,6227,5440,1350,122,1334,1369,1199,0,65
31108,2,1296,#Wednesday,5436,5304,1362,64,1291,1342,1178,0,65
31135,5,1297,#Thursday,5401,6376,1362,1372,1186,1267,1127,0,62
31162,8,1298,#Friday,6764,6424,1354,460,1813,1380,1142,208,66
31189,11,1299,#Saturday,6780,5751,1355,144,1173,1276,1088,662,51
31216,14,1300,#Sunday,6282,6636,1350,1452,913,1217,1067,584,51
31244,18,1301,#Monday,7419,6314,1335,281,1894,1368,1121,250,64
31271,21,1302,#Tuesday,7573,6698,1340,908,1980,1296,1110,0,64
31298,0,1304,#Thursday,5937,5570,1337,524,1192,1289,1164,0,63
31325,3,1305,#Friday,5404,5221,1337,198,1100,1311,1208,0,67
31352,6,1306,#Saturday,5188,5184,1335,588,1147,1140,913,4,56
31379,9,1307,#Sunday,5506,5159,1327,48,1143,1319,1115,153,53
31406,12,1308,#Monday,6834,6114,1307,261,1645,1319,1039,480,62
31433,15,1309,#Tuesday,6809,6971,1305,923,1645,1297,1208,543,50
31460,18,1310,#Wednesday,6901,6568,1329,670,1746,1309,1291,162,61
31487,21,1311,#Thursday,7091,6073,1326,211,1738,1358,1378,0,62
31515,1,1313,#Saturday,5464,5060,1325,22,1080,1297,1275,0,60
31542,4,1314,#Sunday,4891,5082,1298,443,823,1292,1166,0,60
31569,7,1315,#Monday,6020,6354,1293,1577,1112,1242,1010,67,53
31596,10,1316,#Tuesday,6975,6556,1235,751,1748,1274,1006,479,61
31623,13,1317,#Wednesday,6827,7072,1122,2268,947,1025,1159,487,62
31650,16,1318,#Thursday,6616,6650,1278,1610,951,1091,1251,406,61
31677,19,1319,#Friday,6577,6264,1313,910,1481,1326,1120,58,54
31704,22,1320,#Saturday,6136,5028,1366,71,1039,1346,1161,0,45
31731,1,1322,#Monday,4762,4459,1362,410,476,1198,968,0,46
31758,4,1323,#Tuesday,4688,4571,1367,161,606,1291,1103,0,43
31786,8,1324,#Wednesday,6453,5921,1352,64,1752,1360,1146,182,62
31813,11,1325,#Thursday,7117,6165,1318,832,899,1334,1172,547,61
31840,14,1326,#Friday,7312,6160,1333,551,880,1335,1298,708,54
31867,17,1327,#Saturday,6615,5518,1344,641,737,1310,1181,254,48
31894,20,1328,#Sunday,6034,5421,1344,392,1387,1165,1081,2,48
31921,23,1329,#Monday,5866,5042,1329,92,1104,1189,1274,0,53
31948,2,1331,#Wednesday,5182,4672,1281,571,585,1181,1000,0,52
31975,5,1332,#Thursday,5307,5726,1301,1784,600,946,1039,0,55
32002,8,1333,#Friday,6542,6052,1356,818,1679,799,1169,165,64
32029,11,1334,#Saturday,6276,5193,673,202,1678,785,1166,625,61
32056,14,1335,#Sunday,5727,4309,669,99,940,726,1117,700,58
32084,18,1336,#Monday,7002,5503,668,405,2122,807,1339,102,57
32111,21,1337,#Tuesday,6946,5219,668,63,2153,965,1304,0,65
32138,0,1339,#Thursday,5518,5143,1201,1198,693,916,1069,0,65
32165,3,1340,#Friday,5211,5976,1338,1232,617,1346,1375,0,67
32192,6,1341,#Saturday,5016,6308,1355,1925,1036,974,965,0,52
32219,9,1342,#Sunday,5013,5292,1365,319,1123,1034,1150,251,50
32246,12,1343,#Monday,6406,6175,1336,58,1623,1226,1290,586,55
32273,15,1344,#Tuesday,6414,6056,1309,74,1566,1183,1319,545,58
32300,18,1345,#Wednesday,6489,6494,1344,1008,1564,1104,1280,147,48
32327,21,1346,#Thursday,6779,7362,1356,1284,2020,1241,1414,0,48
32355,1,1348,#Saturday,5202,6054,1367,1360,1150,849,1281,0,45
32382,4,1349,#Sunday,4604,5164,1369,254,1102,1187,1211,0,42
32409,7,1350,#Monday,5827,6022,1361,563,1610,1202,1225,16,43
32436,10,1351,#Tuesday,6450,6220,1309,561,1554,1173,1051,521,49
32463,13,1352,#Wednesday,6233,6214,1326,549,1489,1119,1018,660,51
32490,16,1353,#Thursday,6717,7826,1345,2122,1678,1101,1211,316,53
32517,19,1354,#Friday,6730,6000,1367,222,1773,1260,1325,0,53
32544,22,1355,#Saturday,5452,4907,1367,531,994,1077,878,0,58
32571,1,1357,#Monday,4408,4741,1375,1387,646,415,861,0,58
32598,4,1358,#Tuesday,4993,5734,1374,842,1200,1286,978,0,52
32626,8,1359,#Wednesday,6605,5907,1380,353,1700,1303,1027,87,56
32653,11,1360,#Thursday,6478,6544,1356,951,1604,1115,979,480,59
32680,14,1361,#Friday,6409,6138,1347,403,1689,1102,982,555,59
32707,17,1362,#Saturday,5714,5159,1386,280,1215,1098,894,226,59
32734,20,1363,#Sunday,6193,6053,1386,1044,1241,1318,1007,0,58
32761,23,1364,#Monday,5754,6039,1383,428,1593,1274,1302,0,57
32788,2,1366,#Wednesday,5100,5503,1366,495,1212,1226,1145,0,58
32815,5,1367,#Thursday,5244,5335,1383,128,1189,1261,1312,0,61
32842,8,1368,#Friday,6471,5939,1383,256,1670,1268,1179,118,62
32869,11,1369,#Saturday,5470,4943,1387,96,1118,941,857,486,57
32897,15,1370,#Sunday,4789,6242,1376,2103,859,451,878,516,57
32924,18,1371,#Monday,6301,5729,1366,702,1616,1032,890,53,70
32951,21,1372,#Tuesday,6604,5414,1384,70,1587,1316,983,0,74
32978,0,1374,#Thursday,5176,4793,1384,74,1012,1288,968,0,67
33005,3,1375,#Friday,4950,5028,1386,172,1025,1279,1095,0,71
33032,6,1376,#Saturday,6208,6023,1347,292,1504,1121,1013,678,68
33059,9,1377,#Sunday,5017,5256,1390,203,1302,1184,839,274,63
33086,12,1378,#Monday,6094,5990,1381,544,1653,917,847,580,67
33113,15,1379,#Tuesday,6260,5796,1348,76,1865,1285,859,295,67
33140,18,1380,#Wednesday,6555,5742,1387,129,1955,1290,902,5,73
33168,22,1381,#Thursday,6098,6260,1390,726,1777,1189,1105,0,72
33195,1,1383,#Saturday,5076,5845,1387,1170,1331,922,970,0,65
33222,4,1384,#Sunday,4587,4573,1159,399,1503,499,949,0,63
33249,7,1385,#Monday,6291,6236,1387,279,2023,1353,1126,0,66
33276,10,1386,#Tuesday,6802,6471,1396,90,1954,1382,1093,490,64
33303,13,1387,#Wednesday,6414,6719,1391,566,1912,1058,1108,629,53
33330,16,1388,#Thursday,6240,7536,1354,1763,1708,1145,1068,427,70
33357,19,1389,#Friday,7210,6712,1387,768,1947,1388,1150,0,70
33384,22,1390,#Saturday,5808,6329,1386,1034,1364,1369,1108,0,67
33411,1,1392,#Monday,4795,4921,1388,148,1318,943,1069,0,55
33438,4,1393,#Tuesday,5067,5608,1389,347,1369,1365,1080,0,58
33466,8,1394,#Wednesday,6554,6517,1388,729,1783,1347,1153,53,60
33493,11,1395,#Thursday,6355,6284,1364,-4,1948,1154,1228,528,64
33520,14,1396,#Friday,6393,6498,1358,-15,1904,1351,1203,631,66
33547,17,1397,#Saturday,5784,5403,1383,325,1200,1233,1122,88,51
33574,18,1398,#Sunday,6044,4964,1385,30,1394,954,1147,0,53
33601,21,1399,#Monday,6508,6328,1385,673,1643,1363,1208,0,54
33628,0,1401,#Wednesday,5242,5750,1388,854,921,1375,1160,0,51
33655,3,1402,#Thursday,5123,5481,1387,554,949,1375,1166,0,50
33682,6,1403,#Friday,5850,5634,1388,267,1081,1438,1395,0,63
33709,9,1404,#Saturday,6043,6343,1388,1303,1139,1401,880,173,57
33737,13,1405,#Sunday,5407,6483,1389,1970,916,953,887,303,64
33764,16,1406,#Monday,6823,6188,1337,70,1662,1451,1568,30,68
33791,19,1407,#Tuesday,7162,5920,1385,98,1584,1486,1290,0,75
33818,22,1408,#Wednesday,6232,6564,1392,617,1483,1511,1484,0,74
33845,1,1410,#Friday,5428,5827,1390,245,993,1522,1602,0,72
33872,4,1411,#Saturday,5208,6278,1392,759,1026,1517,1507,0,76
33899,7,1412,#Sunday,5161,5188,1389,561,1002,648,1508,14,65
33926,10,1413,#Monday,7396,6767,1367,101,1884,1557,1570,218,69
33953,13,1414,#Tuesday,7369,6764,1391,141,1852,1525,1575,201,76
33980,16,1415,#Wednesday,7214,6372,1386,265,1591,1499,1547,3,78
34008,20,1416,#Thursday,7321,7400,1379,1156,1598,1517,1669,0,79
34035,23,1417,#Friday,7319,6963,1357,809,1494,1522,1700,1,80
34062,2,1419,#Sunday,5120,7341,1391,2206,920,1438,1307,0,77
34089,5,1420,#Monday,5100,6517,1387,1570,937,1276,1272,0,73
34116,8,1421,#Tuesday,7523,6426,1386,54,1760,1531,1539,77,76
34143,11,1422,#Wednesday,7666,8266,1391,2293,1575,1463,1356,108,78
34170,14,1423,#Thursday,7574,6939,1361,510,1986,1551,1369,85,75
34197,17,1424,#Friday,7726,8003,1383,2070,1858,1549,1059,0,82
34224,20,1425,#Saturday,7009,6773,1389,701,1864,1596,1142,0,79
34251,23,1426,#Sunday,5501,6345,1395,367,1726,1605,1175,0,75
34279,3,1428,#Tuesday,5590,6898,1395,1577,1009,1599,1239,0,79
34306,6,1429,#Wednesday,5822,6689,1392,1625,983,1608,1002,0,77
34333,9,1430,#Thursday,6778,7431,1391,1201,1864,1694,1146,55,77
34360,12,1431,#Friday,7161,6463,1392,411,1728,1544,1206,108,72
34387,15,1432,#Saturday,6535,5730,1391,197,1173,1671,1176,47,72
34414,18,1433,#Sunday,6782,6966,1391,1328,1276,1709,1185,0,75
34441,21,1434,#Monday,7334,7436,1391,946,1754,1719,1542,0,83
34468,0,1436,#Wednesday,5946,6729,1395,1626,1020,1241,1362,0,84
34495,3,1437,#Thursday,5658,5693,1390,31,1129,1658,1398,0,86
34522,6,1438,#Friday,6482,6170,1391,608,1040,1671,1373,0,85
34550,10,1439,#Saturday,6923,6884,1388,658,1824,1520,1268,143,80
34577,13,1440,#Sunday,5911,6717,711,1627,1365,1458,1291,189,74
34604,16,1441,#Monday,7753,6512,1360,288,1820,1517,1440,2,82
34631,19,1442,#Tuesday,8065,6600,1399,220,2030,1571,1298,0,82
34658,22,1443,#Wednesday,7025,7692,1396,2349,1826,988,1053,0,79
34685,1,1445,#Friday,5887,5012,1403,92,1232,1100,1103,0,81
34712,4,1446,#Saturday,5396,6245,1411,519,1436,1557,1245,0,76
34739,7,1447,#Sunday,5480,6083,1413,576,1920,1137,963,0,72
34766,10,1448,#Monday,8131,7994,1327,816,2691,1598,1278,223,60
34793,13,1449,#Tuesday,7671,7405,1364,284,2456,1678,1210,352,60
34820,16,1450,#Wednesday,7740,7637,1371,626,2726,1702,1137,12,60
34848,20,1451,#Thursday,7619,7290,1399,478,2541,1695,1114,0,63
34875,23,1452,#Friday,5927,6495,1404,294,1973,1667,1100,0,56
34902,2,1454,#Sunday,4679,5597,1420,628,1472,810,1228,0,39
34929,5,1455,#Monday,4567,5293,1416,259,1591,802,1191,0,33
34956,8,1456,#Tuesday,5891,6952,1418,1479,2187,798,1009,27,34
34983,11,1457,#Wednesday,6574,6561,1367,65,2357,1281,1033,424,33
35010,14,1458,#Thursday,6260,5917,1368,394,1909,855,1011,343,34
35037,17,1459,#Friday,6939,6903,1400,1399,2068,884,1114,0,36
35064,20,1460,#Saturday,6335,6779,1406,745,2171,1535,888,0,34
35091,23,1461,#Sunday,4806,5878,1410,546,1617,1398,876,0,30
35119,3,1463,#Tuesday,4478,5561,1407,375,1477,1396,875,0,30
35146,6,1464,#Wednesday,5649,6124,1405,963,1385,1402,922,0,45
35173,9,1465,#Thursday,7234,8548,1375,2346,1814,1782,1118,67,45
35200,12,1466,#Friday,6389,7383,1357,1047,1971,1692,822,444,49
35227,15,1467,#Saturday,5716,5511,1404,58,1585,1371,879,161,51
35254,18,1468,#Sunday,6662,7439,1408,990,2186,1809,999,0,48
35281,21,1469,#Monday,7076,8527,1390,2740,1799,1645,888,0,67
35308,0,1471,#Wednesday,5634,7613,1400,2442,1133,1582,986,0,68
35335,3,1472,#Thursday,5496,6623,1401,1775,1095,1366,919,0,66
35362,6,1473,#Friday,5584,5364,1404,102,1367,1376,1051,0,64
35390,10,1474,#Saturday,6871,6173,1401,-18,1820,1812,1066,25,67
35417,13,1475,#Sunday,5837,6172,1403,130,1727,1664,904,276,67
35444,16,1476,#Monday,7481,8317,1338,1934,2027,1762,1169,20,66
35471,19,1477,#Tuesday,7655,8128,1405,1655,2359,1652,988,0,68
35498,22,1478,#Wednesday,6475,8028,1403,1457,2341,1736,1022,0,68
35525,1,1480,#Friday,5612,7287,1407,1865,1278,1655,1012,0,68
35552,4,1481,#Saturday,5521,7671,1405,1947,2040,1325,887,0,66
35579,7,1482,#Sunday,5251,8013,1401,1287,2839,1529,892,0,64
35606,10,1483,#Monday,7294,8049,1390,549,3038,1781,1053,170,64
35633,13,1484,#Tuesday,7042,8374,1398,835,3069,1800,963,242,68
35661,17,1485,#Wednesday,7778,7825,1352,428,3023,1817,1140,1,63
35688,20,1486,#Thursday,7673,8827,1384,1876,2641,1797,1064,0,65
35715,23,1487,#Friday,6394,9119,1389,2248,2668,1798,949,0,65
35742,2,1489,#Sunday,5389,8061,1406,1444,2286,1800,1060,0,65
35769,5,1490,#Monday,5474,6450,1402,18,2235,1787,940,0,65
35796,8,1491,#Tuesday,7959,7819,1395,316,3084,1819,1106,25,71
35823,11,1492,#Wednesday,7687,7878,1381,1133,2266,1566,1018,442,70
35850,14,1493,#Thursday,7427,7225,1332,969,2016,1684,948,209,65
35877,17,1494,#Friday,7711,6645,1385,134,2328,1707,1020,2,68
35904,20,1495,#Saturday,7295,8062,1392,2002,2049,1630,917,0,71
35932,0,1497,#Monday,5747,8550,1399,2575,1910,1656,943,0,65
35959,3,1498,#Tuesday,5925,8405,1398,2576,1684,1699,980,0,67
35986,6,1499,#Wednesday,6823,7839,1400,2215,1601,1608,944,0,69
36013,9,1500,#Thursday,8317,7605,1332,1072,2323,1403,1031,375,65
36040,12,1501,#Friday,7629,6985,1348,219,1930,1811,898,717,60
36067,15,1502,#Saturday,6602,6459,1397,339,1620,1687,937,411,66
36094,18,1503,#Sunday,6998,7986,1402,1956,1883,1668,1012,0,64
36121,21,1504,#Monday,7478,6903,1376,508,2060,1751,1143,0,65
36148,0,1506,#Wednesday,6168,7858,1399,2421,1395,1636,945,0,62
36175,3,1507,#Thursday,5918,6009,1400,270,1510,1779,987,0,63
36202,6,1508,#Friday,6671,6947,1455,828,1717,1857,1027,0,64
36230,10,1509,#Saturday,6750,7963,1403,1741,1899,1711,1022,124,62
36257,13,1510,#Sunday,5492,7039,1401,689,1953,1546,970,418,60
36284,16,1511,#Monday,6961,7207,1369,1544,1387,1545,1054,246,61
36311,19,1512,#Tuesday,7469,8403,1408,1687,2457,1686,1107,0,59
36338,22,1513,#Wednesday,6484,6679,1406,246,2345,1665,965,0,51
36365,1,1515,#Friday,5648,7719,1385,1342,2138,1749,1054,0,51
36392,4,1516,#Saturday,5360,6990,1399,855,1939,1700,1050,0,48
36419,7,1517,#Sunday,5376,7471,1403,1326,2232,1496,965,1,47
36446,10,1518,#Monday,7913,7903,1337,347,3116,1746,1178,129,48
36473,13,1519,#Tuesday,7692,7463,1388,299,2746,1661,1113,209,45
36501,17,1520,#Wednesday,7253,6512,1391,142,2666,1022,1195,35,58
36528,20,1521,#Thursday,7634,6800,1384,47,3222,1024,1065,0,57
36555,23,1522,#Friday,6084,6433,1397,466,2546,994,971,0,58
36582,2,1524,#Sunday,5150,7075,1402,1500,2208,976,931,0,56
36609,5,1525,#Monday,5376,6124,1409,422,2362,975,907,0,48
36636,8,1526,#Tuesday,7315,7460,1409,598,3014,994,1202,175,65
36663,11,1527,#Wednesday,6871,6802,1351,447,2528,951,932,530,62
36690,14,1528,#Thursday,6818,7620,1379,1886,2130,919,940,304,59
36717,17,1529,#Friday,6746,7530,1394,1319,2905,911,902,35,61
36744,20,1530,#Saturday,6744,7987,1407,1529,3037,939,1014,0,59
36772,0,1532,#Monday,5084,5362,1405,-4,1983,919,1001,0,57
36799,3,1533,#Tuesday,5299,6125,1402,1007,1710,834,1113,0,60
36826,6,1534,#Wednesday,6256,6367,1402,1113,2093,842,1048,0,59
36853,9,1535,#Thursday,7669,6671,1403,1006,2264,829,1035,70,64
36880,12,1536,#Friday,6905,8137,1348,2483,2041,815,841,544,64
36907,15,1537,#Saturday,5673,6705,1411,1125,1899,849,813,550,56
36934,18,1538,#Sunday,6065,5633,1408,142,2319,850,863,1,50
36961,21,1539,#Monday,6953,6688,1392,695,2536,859,1164,0,43
36988,0,1541,#Wednesday,5569,5292,1401,175,1924,848,890,0,54
37015,3,1542,#Thursday,5320,5120,1404,76,1777,794,1017,0,52
37043,7,1543,#Friday,6558,5862,1412,623,2001,834,790,149,54
37070,10,1544,#Saturday,5498,6032,1412,1065,1335,815,831,514,58
37097,14,1545,#Sunday,4892,6164,1416,1197,1134,819,834,700,62
37124,17,1546,#Monday,6801,8361,1347,2669,2223,848,1112,92,68
37151,20,1547,#Tuesday,7625,7586,1411,1090,3031,834,1161,0,60
37178,23,1548,#Wednesday,6338,5883,1400,136,2413,864,1009,0,60
37205,2,1550,#Friday,5475,6239,1407,1607,1559,830,777,0,58
37232,5,1551,#Saturday,5588,6011,1402,150,2788,726,1005,0,52
37259,8,1552,#Sunday,5331,6097,1402,63,3056,710,988,155,51
37286,11,1553,#Monday,6721,6899,1367,762,2731,711,1021,582,52
37314,15,1554,#Tuesday,6732,6890,1383,608,3016,711,1029,450,51
37341,18,1555,#Wednesday,7224,6925,1389,413,3449,729,1146,56,52
37368,21,1556,#Thursday,7276,6859,1393,410,3448,738,1138,0,52
37395,0,1558,#Saturday,5953,6190,1402,157,2831,722,1025,0,51
37422,3,1559,#Sunday,5159,6011,1402,10,2647,702,1196,0,52
37449,6,1560,#Monday,5690,6421,1408,454,2720,684,1110,0,43
37476,9,1561,#Tuesday,7468,9083,1364,2685,3011,680,1082,230,29
37503,12,1562,#Wednesday,7260,7664,1393,793,3169,711,1202,353,42
37530,15,1563,#Thursday,5978,6716,1343,346,2670,672,918,723,42
37557,18,1564,#Friday,5825,7666,1411,1048,3347,681,1065,69,43
37584,21,1565,#Saturday,6142,6916,1408,446,3229,677,1120,0,36
37612,1,1567,#Monday,4345,6896,1407,1764,2185,668,844,0,27
37639,4,1568,#Tuesday,4418,5958,1406,699,2318,665,841,0,28
37666,7,1569,#Wednesday,6411,6975,1408,832,3119,554,992,38,29
37693,10,1570,#Thursday,6825,7605,1344,817,3281,518,1187,422,33
37720,13,1571,#Friday,6160,7312,1380,1317,2635,485,930,532,31
37747,16,1572,#Saturday,5388,6309,1406,11,2906,478,944,535,27
37774,19,1573,#Sunday,5399,6178,1410,188,3057,484,957,50,30
37801,22,1574,#Monday,6288,7655,1389,1687,3127,487,932,0,34
37828,1,1576,#Wednesday,5316,6004,1406,557,2561,425,1016,0,38
37855,4,1577,#Thursday,5307,7625,1408,2194,2520,458,1006,0,37
37883,8,1578,#Friday,6563,8318,1401,2118,3071,401,1044,240,40
37910,11,1579,#Saturday,5419,7244,1407,1629,2167,361,901,742,34
37937,14,1580,#Sunday,4372,6033,1409,849,1698,365,886,792,34
37964,17,1581,#Monday,4837,6356,1405,166,3005,375,946,422,34
37991,20,1582,#Tuesday,6417,7112,1392,1087,3189,470,934,5,34
38018,23,1583,#Wednesday,5766,6663,1404,1213,2413,517,1081,0,34
38045,2,1585,#Friday,5180,5571,1400,14,2434,480,1213,0,30
38072,5,1586,#Saturday,4849,6674,1404,1800,1998,464,974,0,32
38099,8,1587,#Sunday,4795,5689,998,388,2634,514,876,250,29
38126,11,1588,#Monday,6693,5900,660,420,2914,533,1034,300,36
38154,15,1589,#Tuesday,6164,5719,702,383,2812,563,790,427,40
38181,18,1590,#Wednesday,6146,5949,697,341,3218,570,852,222,47
38208,21,1591,#Thursday,6924,6064,687,267,3339,599,1122,0,50
38235,0,1593,#Saturday,5381,4827,686,45,2551,530,961,0,52
38262,3,1594,#Sunday,4586,4770,692,206,2582,512,735,0,42
38289,6,1595,#Monday,5099,5679,693,1193,2459,540,750,9,34
38316,9,1596,#Tuesday,6707,6551,703,1569,2640,485,879,234,39
38343,12,1597,#Wednesday,6554,6865,655,1327,2980,541,994,322,43
38370,15,1598,#Thursday,6098,7765,645,2155,3097,473,920,433,41
38397,18,1599,#Friday,6069,6767,686,986,3350,490,1026,184,43
38425,22,1600,#Saturday,5829,6649,701,995,3492,453,966,0,39
38452,1,1602,#Monday,4430,5965,701,1076,2984,436,731,0,36
38479,4,1603,#Tuesday,4804,5829,697,753,3017,466,856,0,40
38506,7,1604,#Wednesday,5877,5768,697,6,3280,547,1046,158,31
38533,10,1605,#Thursday,5964,6036,672,26,3305,492,936,562,42
38560,13,1606,#Friday,6136,6223,662,366,3037,493,929,697,37
38587,16,1607,#Saturday,5465,5386,695,176,2892,382,931,267,42
38614,19,1608,#Sunday,5062,5865,678,703,3345,382,670,48,38
38641,22,1609,#Monday,6145,6018,659,351,3415,517,1040,0,36
38668,1,1611,#Wednesday,5078,5378,602,162,3061,454,1059,0,40
38696,5,1612,#Thursday,4561,5113,659,270,2864,337,948,0,34
38723,8,1613,#Friday,5258,5298,669,-5,3239,320,727,318,29
38750,11,1614,#Saturday,4858,5745,696,588,2811,304,709,609,25
38777,14,1615,#Sunday,4117,4581,668,404,1932,295,677,578,26
38804,17,1616,#Monday,4952,6154,667,531,3500,304,794,333,25
38831,20,1617,#Tuesday,6557,6351,637,643,3693,342,969,25,41
38858,23,1618,#Wednesday,5797,5773,658,445,3195,418,1006,0,49
38885,2,1620,#Friday,5051,4905,657,21,2753,417,1010,0,47
38912,5,1621,#Saturday,4735,5014,664,213,2749,411,933,3,38
38939,8,1622,#Sunday,4626,5090,697,407,2516,379,779,281,30
38966,11,1623,#Monday,6328,6232,686,927,2768,404,918,493,34
38994,15,1624,#Tuesday,6194,5734,684,391,3069,403,724,427,34
39021,18,1625,#Wednesday,6479,5871,683,24,3439,430,1017,243,33
39048,21,1626,#Thursday,6844,6313,727,508,3533,480,1036,0,29
39075,0,1628,#Saturday,5604,6015,1261,41,3285,441,951,0,36
39102,3,1629,#Sunday,4713,6836,1391,787,3558,429,637,0,35
39129,6,1630,#Monday,4967,6885,1391,1843,2564,448,591,13,32
39156,9,1631,#Tuesday,6305,7237,1355,627,3568,434,796,418,37
39183,12,1632,#Wednesday,6409,7243,1346,398,3532,415,736,778,33
39210,15,1633,#Thursday,6641,7538,1350,275,3871,441,981,581,36
39237,18,1634,#Friday,7065,7899,1368,789,4368,509,613,213,35
39265,22,1635,#Saturday,6032,6653,1391,523,3762,357,593,0,32
39292,1,1637,#Monday,4643,5848,1386,683,3022,297,433,0,27
39319,4,1638,#Tuesday,5002,6087,1383,629,3001,296,743,0,35
39346,7,1639,#Wednesday,5905,6407,1381,525,3299,265,834,70,31
39373,10,1640,#Thursday,5871,5883,1335,239,2531,289,838,620,31
39400,13,1641,#Friday,6040,5867,1327,214,2412,284,781,814,33
39427,16,1642,#Saturday,5509,5966,1391,1227,1588,352,784,594,28
39454,19,1643,#Sunday,5350,5909,1389,529,2760,298,803,105,26
39481,22,1644,#Monday,6635,5779,1349,39,3055,343,956,0,32
39508,1,1646,#Wednesday,5403,5226,1369,68,2482,347,933,0,27
39536,5,1647,#Thursday,5263,4955,1365,320,1954,309,974,0,31
39563,8,1648,#Friday,6659,7064,1360,1602,2379,505,890,293,34
39590,11,1649,#Saturday,5697,7708,1359,2503,1953,534,788,539,31
39617,14,1650,#Sunday,4733,7442,1363,2253,1585,723,657,832,28
39644,17,1651,#Monday,6683,6844,1297,751,2306,1093,921,443,32
39671,20,1652,#Tuesday,7121,6447,1360,299,2405,1264,1061,17,41
39698,23,1653,#Wednesday,6278,6302,1345,507,2351,1252,966,0,35
39725,2,1655,#Friday,5466,5871,1356,362,2149,1288,684,0,31
39752,5,1656,#Saturday,5216,5704,1353,405,2027,1013,872,0,32
39779,8,1657,#Sunday,5051,5181,1350,8,1618,975,901,297,31
39807,12,1658,#Monday,7308,6814,1248,496,2245,1132,889,771,31
39834,15,1659,#Tuesday,7311,6677,1303,660,1911,1119,934,717,33
39861,18,1660,#Wednesday,7554,6395,1304,326,2189,1220,1077,250,28
39888,21,1661,#Thursday,7072,5497,1327,416,1711,1225,781,0,35
39915,0,1663,#Saturday,5685,5919,1344,1133,1554,1229,618,0,41
39942,3,1664,#Sunday,4961,5633,1349,789,1486,1135,840,0,34
39969,6,1665,#Monday,5111,5269,1353,217,1469,1263,922,8,32
39996,9,1666,#Tuesday,6948,6133,1242,216,1988,1263,980,412,32
40023,12,1667,#Wednesday,7223,7101,1342,1001,2009,1184,936,604,23
40050,15,1668,#Thursday,6119,7265,1329,1635,1650,1245,919,454,33
40078,19,1669,#Friday,6546,5621,1354,257,1794,1213,909,57,35
40105,22,1670,#Saturday,6135,5657,1365,575,1609,1241,832,0,34
40132,1,1672,#Monday,4835,5947,1362,958,1449,1226,921,0,31
40159,4,1673,#Tuesday,4921,4622,1360,138,1135,1211,742,0,35
40186,7,1674,#Wednesday,5838,5587,1363,391,1517,1172,1035,76,33
40213,10,1675,#Thursday,6301,5757,1340,-3,1608,1130,940,708,35
40240,13,1676,#Friday,6919,6564,1326,897,1488,1105,915,801,31
40267,16,1677,#Saturday,6080,6743,1349,1605,1339,1063,773,580,31
40294,19,1678,#Sunday,5644,5868,1351,261,2308,1080,800,36,31
40321,22,1679,#Monday,6114,5350,1333,247,1713,1226,802,0,28
40348,1,1681,#Wednesday,4959,4589,675,177,1534,1204,968,0,30
40376,5,1682,#Thursday,4939,4979,678,970,1300,1164,838,0,28
40403,8,1683,#Friday,6035,6365,1323,649,1953,1209,936,250,40
40430,11,1684,#Saturday,5010,4227,1363,207,912,204,716,785,37
40457,14,1685,#Sunday,4364,4813,1364,208,878,870,694,768,29
40484,17,1686,#Monday,5897,6652,1362,1061,2536,282,919,464,24
40511,20,1687,#Tuesday,5996,6770,1358,1032,2364,1069,912,1,31
40538,23,1688,#Wednesday,5871,6357,1342,1112,1897,1070,908,0,27
40565,2,1690,#Friday,5182,5291,1351,551,1280,1015,1063,0,30
40592,5,1691,#Saturday,5029,5568,1364,1029,1236,996,907,0,36
40619,8,1692,#Sunday,4891,5695,1367,450,1786,944,858,257,32
40647,12,1693,#Monday,6930,6594,1293,571,1832,997,1074,791,35
40674,15,1694,#Tuesday,7306,6232,1320,231,1898,991,1082,672,36
40701,18,1695,#Wednesday,7607,6505,1357,424,2285,1052,1229,114,42
40728,21,1696,#Thursday,7616,5786,1349,398,1680,1112,1204,0,42
40755,0,1698,#Saturday,5841,5188,1357,591,1299,1040,865,0,35
40782,3,1699,#Sunday,4962,4979,1356,204,1246,1041,1092,0,33
40809,6,1700,#Monday,5248,4928,1357,371,1111,1014,1040,0,30
40836,9,1701,#Tuesday,6744,5243,1319,25,1448,985,943,486,36
40863,12,1702,#Wednesday,7084,6678,1351,1268,1379,1043,1008,596,29
40890,15,1703,#Thursday,6515,5561,1346,112,1456,968,1053,591,36
40918,19,1704,#Friday,6704,5300,1333,300,1426,996,1196,11,37
40945,22,1705,#Saturday,5694,4645,1358,35,1220,1016,976,0,39
40972,1,1707,#Monday,4590,5013,1358,1109,660,1025,827,0,32
40999,4,1708,#Tuesday,5002,7206,1365,2290,1436,1026,1047,0,42
41026,7,1709,#Wednesday,6004,6287,1368,1308,1555,1093,864,55,41
41053,10,1710,#Thursday,6030,6287,1316,926,1342,1102,884,672,43
41080,13,1711,#Friday,5854,6237,1350,913,1452,819,829,829,43
41107,16,1712,#Saturday,5263,5414,1372,543,1489,628,770,573,38
41134,19,1713,#Sunday,5531,5507,1377,655,1513,1094,807,14,41
41161,22,1714,#Monday,6129,5195,1378,440,1294,1167,869,0,46
41189,2,1716,#Wednesday,4923,4884,1372,370,1170,1090,826,0,50
41216,5,1717,#Thursday,5205,5695,1372,1272,1180,1083,734,0,49
41243,8,1718,#Friday,6592,5112,1357,263,1521,1136,716,77,40
41270,11,1719,#Saturday,5847,5721,1361,782,1182,1080,936,337,42
41297,14,1720,#Sunday,4681,5204,1360,826,1122,623,768,471,31
41324,17,1721,#Monday,6259,5776,1297,513,1466,1087,1054,323,32
41351,20,1722,#Tuesday,6966,6010,1352,726,1649,1195,1048,0,36
41378,23,1723,#Wednesday,5469,4752,1369,65,1228,1123,930,0,35
41405,2,1725,#Friday,4965,5428,1374,1091,1058,1109,760,0,34
41432,5,1726,#Saturday,4990,5401,1382,858,1158,1154,813,0,36
41460,9,1727,#Sunday,4830,5334,1377,760,1169,919,742,333,33
41487,12,1728,#Monday,6065,7222,1323,2038,1202,1183,725,716,33
41514,15,1729,#Tuesday,6037,7651,1363,2344,1330,1171,739,668,34
41541,18,1730,#Wednesday,6545,6912,1356,1770,1492,1264,961,37,30
41568,21,1731,#Thursday,6615,6021,1366,1444,1063,1304,810,0,35
41595,0,1733,#Saturday,5205,5647,1370,659,1218,1294,1059,0,44
41622,3,1734,#Sunday,4354,4949,1381,746,1057,1149,572,0,43
41649,6,1735,#Monday,5289,6022,1384,1363,1211,1190,831,0,43
41676,9,1736,#Tuesday,6232,5107,1373,19,1548,1154,657,313,41
41703,12,1737,#Wednesday,5635,5534,1379,205,1307,1130,781,689,42
41730,15,1738,#Thursday,5869,5454,1332,166,1386,1214,793,515,47
41758,19,1739,#Friday,6791,5264,1377,404,1449,1288,693,0,49
41785,22,1740,#Saturday,5591,6540,1384,1985,979,1194,949,0,44
41812,1,1742,#Monday,4481,5780,1381,1119,1064,1259,915,0,40
41839,4,1743,#Tuesday,4949,4912,1385,93,1191,1274,925,0,42
41866,7,1744,#Wednesday,6444,5106,1390,114,1329,1260,951,4,53
41893,10,1745,#Thursday,6151,6008,1296,749,1251,1231,898,540,43
41920,13,1746,#Friday,6263,5696,1355,47,1675,1242,864,454,59
41947,16,1747,#Saturday,4879,5326,1386,682,924,1127,717,437,50
41974,19,1748,#Sunday,6203,5820,1388,1028,1228,1194,932,0,49
42001,22,1749,#Monday,6180,5196,1379,262,1294,1294,915,0,49
42029,2,1751,#Wednesday,5292,4898,1396,321,1204,1293,636,0,48
42056,5,1752,#Thursday,5482,5756,1404,978,1117,1325,883,0,47
42083,8,1753,#Friday,6916,6200,1403,827,1557,1413,878,72,50
42110,11,1754,#Saturday,5509,6257,1397,1178,1218,1232,627,559,45
42137,14,1755,#Sunday,4716,5948,1400,649,1202,1258,903,488,46
42164,17,1756,#Monday,6535,5188,1381,6,1428,1298,943,83,45
42191,20,1757,#Tuesday,7183,5488,1386,387,1409,1333,930,0,47
42218,23,1758,#Wednesday,5792,6120,1397,1282,1154,1303,935,0,47
42245,2,1760,#Friday,5128,5951,1380,1429,1082,1284,728,0,47
42272,5,1761,#Saturday,5112,7108,1380,2397,1082,1265,937,0,46
42300,8,1762,#Sunday,4835,4418,1375,108,1179,502,927,290,37
42327,11,1763,#Monday,5986,6039,1328,647,1300,1318,732,678,34
42354,14,1764,#Tuesday,6358,6579,1333,1238,1347,1294,941,381,41
42381,17,1765,#Wednesday,7057,5932,1374,1491,1043,1329,651,1,41
42408,20,1766,#Thursday,7056,5548,1355,524,1367,1424,829,0,46
42435,23,1767,#Friday,5634,6039,1387,778,1635,1357,842,0,40
42462,2,1769,#Sunday,4671,6399,1386,2165,885,1190,736,0,37
42489,5,1770,#Monday,5030,6976,1391,2374,1063,1227,877,0,41
42516,8,1771,#Tuesday,6817,5782,1391,99,1635,1429,914,256,55
42543,11,1772,#Wednesday,6681,5996,1381,338,1723,1345,997,159,51
42571,15,1773,#Thursday,6587,5933,1340,73,1710,1354,940,458,53
42598,18,1774,#Friday,7688,7758,1375,2123,1923,1399,893,0,45
42625,21,1775,#Saturday,6229,7543,1393,2190,1719,1371,828,0,41
42652,0,1777,#Monday,5124,5510,1391,617,1263,1391,805,0,39
42679,3,1778,#Tuesday,5331,5757,1382,1021,1092,1336,871,0,47
42706,6,1779,#Wednesday,6263,5361,1401,258,1354,1349,966,0,32
42733,9,1780,#Thursday,7042,6339,1303,293,1906,1418,992,374,53
42760,12,1781,#Friday,7354,6847,1373,571,2172,1459,1046,168,56
42787,15,1782,#Saturday,6801,8174,1389,2411,1869,1443,961,43,54
42814,18,1783,#Sunday,6810,7478,1113,1327,2412,1492,1079,0,54
42842,22,1784,#Monday,6692,5870,666,173,2319,1534,1121,0,56
42869,1,1786,#Wednesday,5563,5198,681,381,1457,1540,1087,0,52
42896,4,1787,#Thursday,5695,5444,678,684,1405,1572,1053,0,52
42923,7,1788,#Friday,7111,7458,680,2362,1712,1669,980,1,53
42950,10,1789,#Saturday,7058,6165,670,742,2030,1641,987,49,44
42977,13,1790,#Sunday,5897,6410,682,431,2513,1544,963,233,42
43004,16,1791,#Monday,7844,6872,1333,717,1973,1753,1008,34,52
43031,19,1792,#Tuesday,8044,7691,1335,1538,2099,1744,924,0,50
43058,22,1793,#Wednesday,6827,7604,1357,1455,1888,1760,979,0,47
43085,1,1795,#Friday,5435,7292,1395,1624,1412,1746,1074,0,40
43112,4,1796,#Saturday,5113,6873,1395,1075,1618,1683,1053,0,49
43140,8,1797,#Sunday,5714,7072,1397,834,2051,1682,1032,28,47
43167,11,1798,#Monday,7790,6857,1396,51,2178,1783,1057,341,50
43194,14,1799,#Tuesday,8025,7713,1332,1430,2048,1769,962,116,53
43221,17,1800,#Wednesday,8097,8384,1349,2065,2173,1709,1030,3,55
43248,20,1801,#Thursday,8025,7627,1373,1176,2306,1754,956,0,58
43275,23,1802,#Friday,6581,7832,1377,1378,2166,1764,1087,0,57
43302,2,1804,#Sunday,5629,6052,1394,172,1648,1721,1061,0,58
43329,5,1805,#Monday,5718,5802,1391,43,1518,1723,1088,0,37
43356,8,1806,#Tuesday,8202,7219,1392,860,1947,1793,1170,26,47
43383,11,1807,#Wednesday,8338,7380,1381,1053,1882,1788,1102,132,39
43411,15,1808,#Thursday,7927,7968,1333,1793,2039,1751,971,22,57
43438,18,1809,#Friday,8173,8177,1376,1289,2586,1894,976,0,56
43465,21,1810,#Saturday,7163,6633,1394,598,2429,1493,658,0,61
43492,0,1812,#Monday,5811,6479,1396,889,1910,1467,761,0,56
43519,3,1813,#Tuesday,5893,6215,1388,295,1632,1854,1006,0,40
43546,6,1814,#Wednesday,6651,6456,1394,444,1696,1841,1041,0,39
43573,9,1815,#Thursday,8006,7288,1372,874,2121,1854,916,109,42
43600,12,1816,#Friday,7274,8550,1360,1750,2240,1836,1016,317,28
43627,15,1817,#Saturday,6934,8331,1392,1250,2692,1807,1030,111,47
43654,18,1818,#Sunday,6791,7107,1395,350,2422,1849,1053,0,37
43682,22,1819,#Monday,5329,7151,1396,1714,1387,1739,867,0,48
43709,1,1821,#Wednesday,4761,7220,1396,2025,1344,1572,837,0,48
43736,4,1822,#Thursday,5002,6036,1385,639,1502,1653,814,0,44
43763,7,1823,#Friday,5930,7193,989,972,2277,1665,914,0,43
43790,10,1824,#Saturday,5794,6876,1020,325,2536,1535,985,442,31
43817,13,1825,#Sunday,5134,6683,1396,24,2157,1610,852,612,32
43844,16,1826,#Monday,5201,6514,1395,1005,1907,1418,736,21,32
43871,19,1827,#Tuesday,6365,6676,1393,215,2662,1497,878,0,31
43898,22,1828,#Wednesday,6176,8034,1373,2101,2208,1467,842,0,43
43925,1,1830,#Friday,5516,7378,1394,1890,1566,1605,869,0,54
43953,5,1831,#Saturday,5319,7012,1395,1447,1623,1619,876,0,52
43980,8,1832,#Sunday,5643,7368,1388,1097,2282,1666,871,6,55
44007,11,1833,#Monday,8199,9000,1347,2430,2350,1835,872,111,54
44034,14,1834,#Tuesday,8030,8743,1366,2320,2066,1863,857,217,52
44061,17,1835,#Wednesday,8511,7533,1368,1673,1659,1857,920,0,57
44088,20,1836,#Thursday,8165,8180,1386,1700,2140,1870,1025,0,58
44115,23,1837,#Friday,6633,6268,1403,32,1932,1898,944,0,60
44142,2,1839,#Sunday,5733,6609,1399,1107,1309,1851,884,0,60
44169,5,1840,#Monday,6012,6447,1399,734,1514,1840,900,0,58
44196,8,1841,#Tuesday,8245,7619,1399,673,2670,1857,905,52,62
44224,12,1842,#Wednesday,7637,7208,1400,731,1901,1853,869,394,58
44251,15,1843,#Thursday,7717,7237,1355,1040,2049,1769,882,84,56
44278,18,1844,#Friday,8142,7121,1371,556,2458,1784,892,0,58
44305,21,1845,#Saturday,7102,7231,1383,431,2548,1854,957,0,60
44332,0,1847,#Monday,5918,6445,1384,620,1620,1836,925,0,60
44359,3,1848,#Tuesday,6109,6623,1393,520,1931,1818,899,0,62
44386,6,1849,#Wednesday,6633,6474,1395,246,2087,1815,871,0,60
44413,9,1850,#Thursday,8249,7869,1321,885,2607,1875,960,160,60
44440,12,1851,#Friday,7234,7824,1352,1013,2134,1791,814,655,60
44467,15,1852,#Saturday,6922,6758,1401,522,1928,1800,912,132,60
44494,18,1853,#Sunday,7071,8295,1400,2068,2360,1562,841,0,63
44522,22,1854,#Monday,7014,8148,1380,1670,2263,1842,918,0,70
44549,1,1856,#Wednesday,6080,6294,1389,262,1604,1812,964,0,67
44576,4,1857,#Thursday,6169,5999,1398,197,1529,1832,976,0,67
44603,7,1858,#Friday,7448,7424,1391,1214,2014,1829,907,0,68
44630,10,1859,#Saturday,7101,8202,1393,1896,2018,1581,798,451,64
44657,13,1860,#Sunday,5687,5964,1400,831,1570,762,795,545,58
44684,16,1861,#Monday,7094,8113,1342,2373,1798,1577,812,150,60
44711,19,1862,#Tuesday,7712,8438,1391,2063,2504,1565,856,0,58
44738,22,1863,#Wednesday,6674,8366,1383,2450,2226,1529,717,0,58
44765,1,1865,#Friday,5680,7100,1391,1833,1578,1512,730,0,56
44793,5,1866,#Saturday,5394,6395,1395,843,1849,1503,751,0,55
44820,8,1867,#Sunday,5414,7314,1390,1761,1868,1469,730,39,54
44847,11,1868,#Monday,6984,8481,1348,2383,2157,1483,730,320,58
44874,14,1869,#Tuesday,6750,6897,1353,611,2038,1466,777,362,57
44901,17,1870,#Wednesday,7319,8487,1370,2446,2355,1479,761,18,57
44928,20,1871,#Thursday,7645,8373,1377,2130,2552,1522,732,0,57
44955,23,1872,#Friday,6185,6763,1395,404,2660,1511,738,0,55
44982,2,1874,#Sunday,5113,6018,1382,401,1862,1524,820,0,52
45009,5,1875,#Monday,5444,6026,1381,594,1740,1511,744,0,56
45036,8,1876,#Tuesday,7572,7217,1371,397,2734,1639,865,150,57
45064,12,1877,#Wednesday,6853,6652,1347,64,2226,1685,756,516,56
45091,15,1878,#Thursday,6499,6906,1352,536,1847,1696,821,596,56
45118,18,1879,#Friday,7496,7663,1390,1174,2498,1661,881,0,58
45145,21,1880,#Saturday,6591,7581,1390,1019,2545,1697,876,0,52
45172,0,1882,#Monday,5289,7100,1402,1546,1600,1663,837,0,52
45199,3,1883,#Tuesday,5440,5724,1395,198,1500,1673,898,0,57
45226,6,1884,#Wednesday,6164,5788,1393,167,1720,1607,842,0,58
45253,9,1885,#Thursday,7310,6704,1348,430,2185,1671,752,260,56
45280,12,1886,#Friday,7213,7278,1322,725,2619,1668,650,236,57
45307,15,1887,#Saturday,5982,5491,1362,442,1534,1198,563,338,52
45335,19,1888,#Sunday,6762,6349,1383,204,2391,1670,647,0,53
45362,22,1889,#Monday,6548,7121,1367,937,2357,1663,751,0,46
45389,1,1891,#Wednesday,5659,5586,1379,189,1558,1647,764,0,50
45416,4,1892,#Thursday,5736,5557,1376,602,1175,1672,675,0,57
45443,7,1893,#Friday,7126,6924,1399,649,2366,1711,740,20,37
45470,10,1894,#Saturday,5580,5849,1400,172,1610,1188,654,782,37
45497,13,1895,#Sunday,4780,5858,1396,740,1111,1201,664,716,28
45524,16,1896,#Monday,7282,8355,1334,2585,2102,1320,880,92,40
45551,19,1897,#Tuesday,7802,7415,1392,937,2497,1718,821,0,49
45578,22,1898,#Wednesday,6776,6875,1383,524,2449,1671,791,0,56
45606,2,1900,#Friday,5673,6283,1383,521,1908,1633,780,0,57
45633,5,1901,#Saturday,5626,6001,1389,257,1924,1630,743,0,58
45660,8,1902,#Sunday,5341,5956,1394,146,2166,1190,694,306,59
45687,11,1903,#Monday,6562,6607,1338,144,2053,1611,660,748,65
45714,14,1904,#Tuesday,6965,7098,1354,375,2320,1653,838,488,68
45741,17,1905,#Wednesday,7062,7738,1373,1466,2330,1648,690,161,66
45768,20,1906,#Thursday,7644,7082,1368,565,2630,1684,769,0,64
45795,23,1907,#Friday,6063,6476,1374,173,2327,1679,857,0,66
45822,2,1909,#Sunday,5003,6400,1397,1420,1665,1212,640,0,67
45849,5,1910,#Monday,5296,6802,1396,1367,1697,1653,625,0,66
45876,8,1911,#Tuesday,6934,7380,1385,1040,2297,1356,635,597,70
45904,12,1912,#Wednesday,6275,7959,1348,2325,1584,1246,566,819,69
45931,15,1913,#Thursday,5897,7167,1308,2234,1078,1174,520,782,70
45958,18,1914,#Friday,6738,6097,1379,737,2127,1164,605,15,68
45985,21,1915,#Saturday,6290,7096,1393,1924,2164,1042,506,0,66
46012,0,1917,#Monday,4791,5266,1387,952,1686,630,547,0,65
46039,3,1918,#Tuesday,4907,4449,1395,724,1149,568,549,0,65
46066,6,1919,#Wednesday,5929,5494,1396,695,2110,597,627,0,65
46093,9,1920,#Thursday,6751,5185,1294,44,2365,552,540,324,65
46120,12,1921,#Friday,5635,5142,1303,35,1826,489,540,889,61
46147,17,1922,#Saturday,5837,4468,1387,137,1622,479,591,183,62
46175,21,1923,#Sunday,6111,5291,1387,68,2596,506,670,0,62
46202,0,1925,#Tuesday,5308,4734,1361,268,2063,489,494,0,61
46229,3,1926,#Wednesday,5105,4355,1374,102,1779,477,565,0,60
46256,6,1927,#Thursday,5653,5650,1386,1401,1821,469,510,1,57
46283,9,1928,#Friday,6311,6623,1358,1384,2034,526,606,650,61
46310,12,1929,#Saturday,4683,4434,1389,180,1126,338,390,964,46
46337,15,1930,#Sunday,4117,3761,1383,238,551,330,379,827,51
46364,18,1931,#Monday,6474,7043,1354,890,3227,466,767,283,55
46391,21,1932,#Tuesday,7015,6790,1378,1869,2427,436,622,5,52
46418,0,1934,#Thursday,5538,5357,1367,562,2117,472,781,0,50
46446,4,1935,#Friday,5402,5018,1375,798,1769,415,610,0,51
46473,7,1936,#Saturday,5488,5853,1383,1150,2100,423,658,87,51
46500,10,1937,#Sunday,4220,5059,1380,441,1318,389,572,893,62
46527,13,1938,#Monday,6898,6456,1334,446,3010,465,675,468,55
46554,16,1939,#Tuesday,6938,6909,1386,916,3095,461,813,178,57
46581,19,1940,#Wednesday,6772,5683,1375,602,2420,413,764,49,56
46608,22,1941,#Thursday,6782,5810,1371,673,2503,446,764,0,53
46635,1,1943,#Saturday,5406,4464,1378,17,1899,461,659,0,51
46662,4,1944,#Sunday,4747,5024,1385,882,1714,395,597,0,52
46689,7,1945,#Monday,5832,6480,1384,1847,2199,369,508,119,50
46717,11,1946,#Tuesday,5940,7695,1315,2055,2560,406,636,671,52
46744,14,1947,#Wednesday,4660,4346,673,830,1295,356,408,737,44
46771,17,1948,#Thursday,5458,4433,661,250,2152,409,519,395,47
46798,20,1949,#Friday,5844,4345,671,154,2550,399,522,1,48
46825,23,1950,#Saturday,5074,4386,667,999,1783,391,500,0,45
46852,2,1952,#Monday,3942,4301,662,1372,1434,360,432,0,42
46879,5,1953,#Tuesday,4190,3976,953,821,1340,377,444,0,40
46906,11,1954,#Wednesday,6185,5599,1330,931,1630,433,649,573,53
46933,14,1955,#Thursday,6026,5462,1278,731,2029,280,664,422,58
46960,0,1957,#Saturday,5511,4506,1348,438,1704,303,655,0,56
46988,4,1958,#Sunday,4696,4916,1358,1271,1385,221,625,0,57
47015,12,1959,#Monday,5414,5416,1323,702,1582,215,580,959,51
47042,15,1960,#Tuesday,5475,5491,1325,486,1566,635,519,909,49
47069,18,1961,#Wednesday,6348,5996,1345,316,2483,648,894,265,45
47096,3,1963,#Friday,5319,4528,1365,77,1514,621,902,0,48
47123,11,1964,#Saturday,5304,5268,1368,764,1594,221,626,650,43
47150,14,1965,#Sunday,4288,4455,682,393,1779,234,646,669,51
47177,17,1966,#Monday,6131,5289,660,566,1968,677,958,402,56
47204,20,1967,#Tuesday,6525,5150,691,546,2202,660,995,5,50
47231,23,1968,#Wednesday,5864,4362,674,135,1947,620,934,0,52
47258,2,1970,#Friday,5214,4471,682,933,1583,240,980,0,53
47286,6,1971,#Saturday,4903,4795,682,1420,1496,252,856,37,50
47313,9,1972,#Sunday,4143,4450,687,647,1380,233,602,847,53
47340,12,1973,#Monday,5673,5617,685,1434,1396,256,889,901,52
47367,15,1974,#Tuesday,5714,4201,686,225,1395,310,802,728,54
47394,18,1975,#Wednesday,6312,5406,681,336,2410,759,997,177,44
47421,23,1976,#Thursday,5903,5436,690,713,2216,760,1001,0,55
47448,2,1978,#Saturday,5019,4994,693,960,1646,737,911,0,49
47475,5,1979,#Sunday,4367,4006,692,413,1369,751,727,3,50
47502,8,1980,#Monday,6131,4930,691,26,2141,797,912,319,43
47529,11,1981,#Tuesday,5931,5656,667,596,1838,820,821,863,48
47557,15,1982,#Wednesday,5839,5592,686,283,1696,1028,954,891,50
47584,18,1983,#Thursday,6574,5483,671,95,2113,1094,1028,425,55
47611,21,1984,#Friday,7163,6070,676,608,2554,1148,1024,5,55
47638,0,1986,#Sunday,5457,4644,684,209,2033,743,926,0,49
47665,3,1987,#Monday,4933,5681,685,1498,1482,1135,830,0,51
47692,8,1988,#Tuesday,6654,5853,685,486,2166,1122,962,377,53
47719,11,1989,#Wednesday,6105,5496,652,407,1590,1076,738,983,48
47746,14,1990,#Thursday,6200,5830,681,784,1590,1077,732,909,54
47773,17,1991,#Friday,6171,5752,687,1448,1458,1111,638,350,58
47800,20,1992,#Saturday,6117,5137,688,440,2694,324,937,16,36
47828,0,1994,#Monday,5116,5080,688,143,2231,1080,903,0,37
47855,3,1995,#Tuesday,5430,4694,684,95,1904,1095,882,0,35
47882,6,1996,#Wednesday,5762,4481,683,58,1794,1088,779,45,32
47909,9,1997,#Thursday,6772,5487,645,187,2020,1031,896,675,31
47936,12,1998,#Friday,6272,5722,669,30,1906,1043,939,1099,34
47963,15,1999,#Saturday,5542,4889,684,222,1467,774,664,1044,33
47990,18,2000,#Sunday,5750,4833,688,187,2187,639,811,290,29
48017,21,2001,#Monday,6731,5669,685,345,2631,1120,851,0,36
48044,0,2003,#Wednesday,5927,5692,674,316,2289,1231,1143,0,38
48071,3,2004,#Thursday,5595,4898,673,157,1658,1261,1111,0,36
48099,7,2005,#Friday,6460,5477,673,22,2096,1254,1160,235,34
48126,10,2006,#Saturday,5299,4966,680,376,1418,745,729,986,30
48153,16,2007,#Sunday,5519,5557,1326,578,1207,899,767,750,28
48180,19,2008,#Monday,7888,6872,1310,987,2265,1208,951,120,36
48207,22,2009,#Tuesday,6817,6622,1311,1210,1984,1193,879,0,43
48234,1,2011,#Thursday,5631,5422,1310,137,1723,1249,952,0,50
48261,4,2012,#Friday,5344,5464,1324,718,1324,1233,805,3,52
48288,7,2013,#Saturday,5289,5276,1330,363,1699,787,834,209,49
48315,10,2014,#Sunday,4572,4787,1321,83,1037,604,729,967,42
48342,13,2015,#Monday,6621,6146,1287,190,1400,1116,849,1252,48
48370,23,2016,#Tuesday,7013,6414,1335,955,1861,1269,940,0,53
48397,2,2018,#Thursday,5911,6200,1333,1127,1573,1214,898,0,53
48424,7,2019,#Friday,6684,5711,1335,226,1569,1216,1032,272,56
48451,10,2020,#Saturday,6148,5607,1333,386,1192,683,976,981,51
48478,13,2021,#Sunday,5619,5588,1335,260,1035,814,940,1150,49
48505,20,2022,#Monday,8532,7294,1312,98,3266,1288,1206,37,53
48532,23,2023,#Tuesday,7280,5808,1316,84,1861,1297,1198,0,52
48559,2,2025,#Thursday,6312,5398,1316,473,1213,1239,1091,9,55
48586,5,2026,#Friday,6062,6529,1319,1438,1272,1284,1162,0,50
48613,8,2027,#Saturday,5826,4902,654,302,1150,1277,1108,354,54
48640,11,2028,#Sunday,5408,4312,666,-9,1094,861,903,744,46
48668,15,2029,#Monday,6998,5309,647,252,1356,1187,979,832,53
48695,20,2030,#Tuesday,7707,5526,641,323,2050,1322,1124,0,54
48722,23,2031,#Wednesday,6279,4633,662,165,1483,1269,1008,0,44
48749,7,2033,#Friday,6218,6158,1291,1258,1134,1292,915,182,59
48776,10,2034,#Saturday,5007,5666,1292,544,787,1241,723,1022,52
48803,13,2035,#Sunday,4642,4413,1306,50,670,426,742,1163,51
48830,16,2036,#Monday,6311,5411,1296,215,933,1207,750,955,52
48857,19,2037,#Tuesday,6951,6363,1310,976,1803,1290,842,87,48
48884,22,2038,#Wednesday,6977,5658,1309,285,1737,1368,904,0,55
48911,1,2040,#Friday,5523,5388,1324,937,987,1323,763,0,53
48939,5,2041,#Saturday,5297,5123,1323,843,1029,1171,705,0,50
48966,8,2042,#Sunday,4947,4722,1318,515,1046,764,726,302,47
48993,11,2043,#Monday,5783,5036,1308,32,919,1208,654,865,45
49020,14,2044,#Tuesday,5747,5090,1286,242,877,1201,654,780,45
49047,17,2045,#Wednesday,6009,4951,1318,43,1056,1159,710,609,49
49074,20,2046,#Thursday,7094,5430,1310,260,1665,1332,785,0,53
49101,23,2047,#Friday,5734,4672,1325,161,1129,1226,776,0,55
49128,2,2049,#Sunday,4842,5061,1331,731,936,1269,747,0,46
49155,5,2050,#Monday,4863,4648,1340,356,958,1229,715,0,49
49182,8,2051,#Tuesday,6083,4946,1333,50,1063,1200,822,430,55
49210,12,2052,#Wednesday,6083,6158,1291,547,1077,1064,909,1220,49
49237,15,2053,#Thursday,5551,6049,1325,601,1095,1083,905,997,40
49264,18,2054,#Friday,7008,6177,1327,1027,1370,1221,944,239,45
49291,21,2055,#Saturday,6484,5277,1343,484,1416,1184,798,0,44
49318,0,2057,#Monday,5315,4639,1342,123,1135,1173,820,0,39
49345,5,2058,#Tuesday,5315,4413,1324,5,1040,1225,768,0,48
49372,8,2059,#Wednesday,6381,4926,1324,41,1132,1213,795,366,51
49399,11,2060,#Thursday,6055,5717,1270,908,679,1047,710,1048,49
49426,14,2061,#Friday,6005,5518,1279,57,1008,1102,832,1187,49
49453,17,2062,#Saturday,6044,5321,1316,266,1111,1026,883,666,47
49481,2,2064,#Monday,4974,4600,1333,319,988,1230,681,0,46
49508,5,2065,#Tuesday,5443,4660,681,721,1134,1281,789,0,53
49535,8,2066,#Wednesday,6688,4693,688,489,1216,1118,957,168,53
49562,11,2067,#Thursday,6270,5885,1287,865,1129,1131,835,584,50
49589,14,2068,#Friday,6283,6052,1301,843,1256,1063,956,582,49
49616,22,2069,#Saturday,6069,5235,1328,635,1337,1065,821,0,51
49643,1,2071,#Monday,4784,4476,1335,295,980,1067,745,2,47
49670,4,2072,#Tuesday,5094,4737,1332,452,1024,1072,805,0,51
49697,7,2073,#Wednesday,6038,5368,1335,710,1077,1079,943,168,52
49724,10,2074,#Thursday,5933,5846,1278,661,985,1041,895,932,51
49752,14,2075,#Friday,5856,5346,1293,471,767,997,779,986,48
49779,17,2076,#Saturday,5605,5817,1335,1402,772,1002,713,533,52
49806,22,2077,#Sunday,5616,4581,1340,140,1220,1098,738,0,40
49833,1,2079,#Tuesday,5239,4446,1342,127,1055,1090,787,0,41
49860,4,2080,#Wednesday,5202,4283,1346,146,893,1076,780,0,42
49887,7,2081,#Thursday,6347,4936,1354,432,1213,1051,825,13,41
49914,16,2082,#Friday,6402,6271,1352,1651,989,1117,802,309,45
49941,19,2083,#Saturday,5862,5082,1336,614,1414,818,844,2,45
49968,22,2084,#Sunday,5260,5214,1363,530,1199,1223,848,0,44
49995,1,2086,#Tuesday,4942,5106,1355,659,1003,1348,691,0,51
50022,4,2087,#Wednesday,5017,5387,1357,829,1074,1355,737,0,30
50050,8,2088,#Thursday,6346,6717,1357,1293,1706,1384,749,157,44
50077,11,2089,#Friday,5134,6845,1362,1692,1225,946,645,902,51
50104,14,2090,#Saturday,4232,4612,1358,410,533,681,595,979,47
50131,19,2091,#Sunday,5873,4443,1352,114,1759,565,589,6,46
50158,2,2093,#Tuesday,4965,4925,1361,28,1291,1306,882,0,56
50185,5,2094,#Wednesday,5139,4917,1363,97,1203,1278,921,0,52
50212,8,2095,#Thursday,6468,5746,1369,346,1433,1294,951,280,56
50239,11,2096,#Friday,5365,5797,1349,472,1324,803,748,1042,54
50266,14,2097,#Saturday,4755,5312,1370,568,846,802,684,985,52
50293,17,2098,#Sunday,5683,5855,1370,1354,1430,850,760,35,50
50321,21,2099,#Monday,6733,7761,1365,2637,1875,977,850,0,57
50348,0,2101,#Wednesday,5310,7245,1378,2414,1198,1370,833,0,51
50375,3,2102,#Thursday,5023,5403,1377,583,1275,1329,787,0,52
50402,6,2103,#Friday,5791,6697,1378,1432,1567,1399,865,0,54
50429,9,2104,#Saturday,5933,5796,1378,41,1929,1352,862,167,56
50456,12,2105,#Sunday,4872,4926,1376,0,1433,889,793,383,45
50483,15,2106,#Monday,5680,5103,1332,221,1221,863,757,653,51
50510,18,2107,#Tuesday,6690,5495,1382,312,1674,1241,769,58,55
50537,21,2108,#Wednesday,6963,6089,1379,682,1738,1375,858,0,53
50564,0,2110,#Friday,5473,4726,913,210,1303,1399,846,0,53
50592,4,2111,#Saturday,5049,5400,703,1733,1259,922,722,0,57
50619,7,2112,#Sunday,5046,3962,700,504,1061,918,714,0,52
50646,10,2113,#Monday,5626,4756,681,400,1507,846,648,620,49
50673,13,2114,#Tuesday,5982,4864,687,69,1539,946,723,845,51
50700,16,2115,#Wednesday,6222,6350,1333,978,1776,1006,791,400,50
50727,19,2116,#Thursday,7470,6381,1364,1033,2034,1060,831,0,54
50754,22,2117,#Friday,6595,5698,1365,383,2036,1059,791,0,54
50781,3,2119,#Sunday,4990,4327,1369,147,1108,1031,616,0,55
50808,6,2120,#Monday,5837,4433,1372,97,1271,1037,605,0,52
50835,9,2121,#Tuesday,6864,5597,1388,82,1570,1043,779,667,53
50863,13,2122,#Wednesday,5710,5646,1377,230,972,930,899,1168,54
50890,16,2123,#Thursday,6461,5211,1340,271,1334,1069,782,353,57
50917,21,2124,#Friday,7298,5299,1368,9,1904,1156,805,0,55
50944,0,2126,#Sunday,5404,4822,1387,469,1036,1079,787,0,52
50971,2,2127,#Monday,4860,4854,1384,576,977,1079,793,0,42
50998,5,2128,#Tuesday,5628,5243,1383,772,1004,1060,973,0,52
51025,8,2129,#Wednesday,7106,5401,1387,21,1531,1118,1003,271,55
51052,11,2130,#Thursday,6369,5351,1375,39,1290,1088,800,706,49
51079,14,2131,#Friday,6078,5373,1322,641,866,898,867,724,48
51106,17,2132,#Saturday,6920,5844,1403,1332,1164,1018,876,1,39
51134,21,2133,#Sunday,6378,4870,1371,228,1327,1040,857,0,43
51161,3,2135,#Tuesday,5518,5003,1366,809,1034,1087,662,0,44
51188,6,2136,#Wednesday,6605,5127,1375,85,1280,1568,748,0,48
51215,9,2137,#Thursday,6909,5790,1346,34,1152,1587,776,830,49
51242,12,2138,#Friday,5873,5909,1313,84,1038,1539,804,1077,46
51269,15,2139,#Saturday,6588,6803,1382,1575,1160,1582,884,164,40
51296,18,2140,#Sunday,7115,7301,1385,2168,1370,1451,884,0,41
51323,21,2141,#Monday,7544,5890,1372,562,1366,1665,884,0,42
51350,10,2143,#Wednesday,8023,5957,1345,170,1860,1624,725,187,32
51377,16,2144,#Thursday,7805,5385,1334,5,1439,1740,798,5,44
51404,19,2145,#Friday,8111,6111,1360,533,1394,1627,1153,0,42
51432,3,2147,#Sunday,5457,5393,1378,344,1060,1611,964,0,37
51459,6,2148,#Monday,6800,5817,1379,597,1132,1651,1019,0,36
51486,11,2149,#Tuesday,7115,5643,1384,30,1111,1448,916,713,37
51513,16,2150,#Wednesday,7879,6725,1382,1561,1233,1663,839,2,38
51540,19,2151,#Thursday,8073,5703,1363,442,1450,1561,831,0,40
51567,22,2152,#Friday,6828,7350,1374,2369,1163,1569,822,0,36
51594,1,2154,#Sunday,5667,6010,1381,1121,1089,1548,825,0,38
51621,4,2155,#Monday,5418,4622,1384,196,694,1594,714,0,40
51648,9,2156,#Tuesday,7824,5716,1379,131,1202,1621,845,479,41
51675,14,2157,#Wednesday,7692,5672,1372,166,1183,1520,1015,372,40
51703,18,2158,#Thursday,8340,6148,1359,950,1319,1554,901,0,36
51730,21,2159,#Friday,7708,5502,1357,332,1345,1514,901,0,38
51757,2,2161,#Sunday,5365,6511,1376,1930,962,1407,793,0,41
51784,5,2162,#Monday,5712,5861,1372,1167,1023,1480,778,0,41
51811,10,2163,#Tuesday,8287,5542,1339,114,1461,1549,842,180,45
51838,13,2164,#Wednesday,8441,5740,1355,248,1533,1603,862,91,43
51865,19,2165,#Thursday,8416,5790,1365,567,1426,1506,877,0,44
51892,3,2167,#Saturday,5874,6121,1380,1352,1027,1485,834,0,40
51919,6,2168,#Sunday,5762,5338,1384,703,1082,1269,862,0,36
51946,11,2169,#Monday,8502,7316,1363,2141,1242,1579,850,93,37
51974,15,2170,#Tuesday,8239,6656,1381,1557,1208,1649,779,23,42
52001,21,2171,#Wednesday,7797,6137,1378,521,1475,1904,814,0,41
52028,0,2173,#Friday,6310,5476,1368,237,1246,1756,823,0,43
52055,3,2174,#Saturday,5937,5177,1375,88,1170,1698,800,0,46
52082,6,2175,#Sunday,5713,6140,1376,1706,780,1435,788,0,44
52109,20,2176,#Monday,8276,7698,1361,2418,1390,1768,699,0,48
52136,1,2178,#Wednesday,5920,5910,1378,941,1126,1650,751,0,46
52163,4,2179,#Thursday,5958,5434,1378,434,1145,1680,753,0,43
52190,7,2180,#Friday,7396,6021,1386,646,1341,1795,805,0,39
52217,10,2181,#Saturday,7226,7105,1380,2257,1033,1560,751,77,40
52245,14,2182,#Sunday,6104,5546,1380,446,1108,1528,746,296,38
52272,17,2183,#Monday,8116,6872,1353,1812,1324,1663,645,0,47
52299,20,2184,#Tuesday,6846,7105,1380,2446,1240,1415,582,0,37
52326,23,2185,#Wednesday,5407,7254,1381,2679,974,1554,636,0,29
52353,2,2187,#Friday,4974,6170,1378,1577,986,1457,741,0,31
52380,8,2188,#Saturday,6327,5016,1387,913,1152,745,761,1,39
52407,11,2189,#Sunday,6198,4941,1384,-18,1244,1425,745,110,40
52434,14,2190,#Monday,6876,5121,1342,0,1224,1536,747,212,42
52461,17,2191,#Tuesday,7580,5584,1381,563,1188,1626,773,0,40
52488,20,2192,#Wednesday,6088,6641,1386,1668,1197,1605,743,0,37
52516,0,2194,#Friday,5331,6769,1392,2061,985,1583,707,0,37
52543,3,2195,#Saturday,5275,4888,1382,254,923,1593,698,0,37
52570,11,2196,#Sunday,4988,5257,1391,210,719,1530,676,672,44
52597,14,2197,#Monday,5665,6054,1393,986,1106,1526,589,407,44
52624,17,2198,#Tuesday,6904,5764,1369,662,1274,1786,621,0,43
52651,20,2199,#Wednesday,7587,6677,1380,1257,1557,1629,802,0,45
52678,23,2200,#Thursday,6199,5850,1376,879,1142,1625,767,0,41
52705,2,2202,#Saturday,5658,6058,1386,1134,1015,1672,801,0,49
52732,5,2203,#Sunday,5487,4965,1381,36,1027,1665,805,0,50
52759,8,2204,#Monday,8194,6100,1383,495,1353,1836,946,14,53
52786,11,2205,#Tuesday,7555,6303,1342,311,1284,1613,1109,589,50
52814,15,2206,#Wednesday,7819,5984,1355,230,1365,1706,999,274,50
52841,18,2207,#Thursday,8767,6454,1373,310,1506,1873,1318,0,54
52868,21,2208,#Friday,7807,7603,1377,1776,1441,1840,1111,0,57
52895,4,2210,#Sunday,5669,6770,1388,1656,988,1808,866,0,51
52922,7,2211,#Monday,7642,5399,1386,-7,1318,1666,983,0,54
52949,10,2212,#Tuesday,8396,5974,1350,138,1381,1662,1166,212,59
52976,13,2213,#Wednesday,8016,6098,1338,171,1354,1685,1212,274,57
53003,18,2214,#Thursday,8296,5942,1376,163,1502,1602,1213,0,59
53030,21,2215,#Friday,7115,6062,1380,515,1436,1548,1121,0,59
53057,0,2217,#Sunday,5862,5265,1379,153,1078,1793,806,0,55
53085,4,2218,#Monday,5378,5987,1382,1510,657,1633,752,0,52
53112,7,2219,#Tuesday,7592,5601,1363,181,1311,1757,923,0,56
53139,10,2220,#Wednesday,7090,6382,1377,827,1308,1539,763,507,55
53166,13,2221,#Thursday,6563,5703,1374,41,1273,1579,798,576,56
53193,18,2222,#Friday,8177,5508,1380,43,1540,1678,797,0,60
53220,12,2224,#Sunday,6093,5279,1347,338,1026,1386,897,223,57
53247,15,2225,#Monday,7550,7361,1360,1565,1313,1776,965,319,61
53274,18,2226,#Tuesday,8524,6201,1367,303,1483,1702,1257,0,59
53301,21,2227,#Wednesday,7896,6630,1361,1052,1474,1563,1116,0,58
53328,0,2229,#Friday,6430,6696,1374,1391,1133,1648,1087,0,59
53356,14,2230,#Saturday,6938,6890,1338,1201,1063,1604,1186,436,58
53383,17,2231,#Sunday,6716,6004,1379,491,1179,1679,1149,62,57
53410,22,2232,#Monday,7473,6372,1378,462,1522,1728,1218,0,56
53437,3,2234,#Wednesday,6216,6182,1390,1053,991,1590,1098,0,59
53464,19,2238,#Sunday,7571,6370,1381,875,1201,1581,1234,0,70
53491,1,2240,#Tuesday,6456,6237,1372,1214,952,1422,1203,0,69
53518,4,2241,#Wednesday,6470,6025,1376,435,1128,1606,1409,0,70
53545,11,2242,#Thursday,7500,6750,1358,383,1195,1485,1350,897,72
53572,16,2243,#Friday,7624,6892,1360,1218,1124,1485,1259,368,72
53599,1,2245,#Sunday,6217,5551,1373,373,993,1578,1164,0,69
53627,11,2246,#Monday,7190,6412,1331,325,1262,1078,1157,1162,69
53654,20,2247,#Tuesday,8361,5718,1372,62,1498,1488,1211,0,69
53681,23,2248,#Wednesday,6763,6739,1369,1455,1102,1541,1198,0,72
53708,2,2250,#Friday,6032,6262,1375,1350,979,1506,964,0,74
53735,7,2251,#Saturday,6412,5689,1376,644,1118,1547,914,4,71
53762,10,2252,#Sunday,5797,5692,1380,319,1103,1491,843,473,70
53789,13,2253,#Monday,6809,6479,1360,290,1622,1261,885,982,70
53816,16,2254,#Tuesday,6484,5821,1308,80,1430,1384,882,660,66
53843,19,2255,#Wednesday,8112,6160,1367,783,1665,1317,948,0,68
53870,22,2256,#Thursday,6717,5407,1366,140,1582,1315,929,0,73
53898,2,2258,#Saturday,5574,4644,1377,166,1130,1313,589,0,68
53925,5,2259,#Sunday,5207,4736,1379,460,1077,1158,587,0,62
53952,8,2260,#Monday,6899,5404,1375,96,1377,1335,644,494,57
53979,18,2261,#Tuesday,7506,6563,1374,1494,1593,1234,799,8,57
54006,23,2262,#Wednesday,5957,5980,1370,982,1277,1371,920,0,58
54033,2,2264,#Friday,5404,6503,1376,1967,1057,1312,728,0,62
54060,10,2265,#Saturday,5715,6122,1373,1055,1171,1086,867,499,53
54087,13,2266,#Sunday,4884,5052,1374,344,898,961,772,645,53
54114,16,2267,#Monday,7295,6080,1364,512,1884,1209,822,219,64
54141,19,2268,#Tuesday,8201,6822,1370,1518,1689,1192,965,0,63
54169,23,2269,#Wednesday,6378,5734,1382,710,1530,1166,874,0,71
